"source","target","ligand","receptor","prob","pval","interaction_name","interaction_name_2","pathway_name","annotation","evidence"
"MONO","MTC_123","TGFB1","TGFbR1_R2",0.00344443856111289,0,"TGFB1_TGFBR1_TGFBR2","TGFB1 - (TGFBR1+TGFBR2)","TGFb","Secreted Signaling","KEGG: hsa04350"
"MTC_123","MTC_123","TGFB1","TGFbR1_R2",0.0040472137722895,0,"TGFB1_TGFBR1_TGFBR2","TGFB1 - (TGFBR1+TGFBR2)","TGFb","Secreted Signaling","KEGG: hsa04350"
"MTC_456","MTC_123","TGFB1","TGFbR1_R2",0.00404416216735443,0,"TGFB1_TGFBR1_TGFBR2","TGFB1 - (TGFBR1+TGFBR2)","TGFb","Secreted Signaling","KEGG: hsa04350"
"MTC_Prolif","MTC_123","TGFB1","TGFbR1_R2",0.0100406101475327,0,"TGFB1_TGFBR1_TGFBR2","TGFB1 - (TGFBR1+TGFBR2)","TGFb","Secreted Signaling","KEGG: hsa04350"
"NEUT","MTC_123","TGFB1","TGFbR1_R2",0.00400599250609516,0,"TGFB1_TGFBR1_TGFBR2","TGFB1 - (TGFBR1+TGFBR2)","TGFb","Secreted Signaling","KEGG: hsa04350"
"T Cells","MTC_123","TGFB1","TGFbR1_R2",0.00430978142131434,0,"TGFB1_TGFBR1_TGFBR2","TGFB1 - (TGFBR1+TGFBR2)","TGFb","Secreted Signaling","KEGG: hsa04350"
"MTC_Prolif","MTC_456","TGFB1","TGFbR1_R2",0.00715088891614403,0,"TGFB1_TGFBR1_TGFBR2","TGFB1 - (TGFBR1+TGFBR2)","TGFb","Secreted Signaling","KEGG: hsa04350"
"MONO","MTC_Prolif","TGFB1","TGFbR1_R2",0.00329077594902467,0.55,"TGFB1_TGFBR1_TGFBR2","TGFB1 - (TGFBR1+TGFBR2)","TGFb","Secreted Signaling","KEGG: hsa04350"
"MTC_123","MTC_Prolif","TGFB1","TGFbR1_R2",0.00386681418812381,0,"TGFB1_TGFBR1_TGFBR2","TGFB1 - (TGFBR1+TGFBR2)","TGFb","Secreted Signaling","KEGG: hsa04350"
"MTC_456","MTC_Prolif","TGFB1","TGFbR1_R2",0.0038638980770224,0,"TGFB1_TGFBR1_TGFBR2","TGFB1 - (TGFBR1+TGFBR2)","TGFb","Secreted Signaling","KEGG: hsa04350"
"MTC_Prolif","MTC_Prolif","TGFB1","TGFbR1_R2",0.00959563615422221,0,"TGFB1_TGFBR1_TGFBR2","TGFB1 - (TGFBR1+TGFBR2)","TGFb","Secreted Signaling","KEGG: hsa04350"
"NEUT","MTC_Prolif","TGFB1","TGFbR1_R2",0.00382735900445684,0.01,"TGFB1_TGFBR1_TGFBR2","TGFB1 - (TGFBR1+TGFBR2)","TGFb","Secreted Signaling","KEGG: hsa04350"
"T Cells","MTC_Prolif","TGFB1","TGFbR1_R2",0.00411772659479865,0,"TGFB1_TGFBR1_TGFBR2","TGFB1 - (TGFBR1+TGFBR2)","TGFb","Secreted Signaling","KEGG: hsa04350"
"T Cells","MONO","CCL5","CCR1",0.0225448397100614,0,"CCL5_CCR1","CCL5 - CCR1","CCL","Secreted Signaling","KEGG: hsa04060"
"T Cells","MTC_123","CCL5","CCR1",0.0184870263310643,0,"CCL5_CCR1","CCL5 - CCR1","CCL","Secreted Signaling","KEGG: hsa04060"
"T Cells","MTC_456","CCL5","CCR1",0.0261775460735708,0,"CCL5_CCR1","CCL5 - CCR1","CCL","Secreted Signaling","KEGG: hsa04060"
"T Cells","MTC_Prolif","CCL5","CCR1",0.0419759471581968,0,"CCL5_CCR1","CCL5 - CCR1","CCL","Secreted Signaling","KEGG: hsa04060"
"T Cells","NEUT","CCL5","CCR1",0.0232646633373929,0,"CCL5_CCR1","CCL5 - CCR1","CCL","Secreted Signaling","KEGG: hsa04060"
"MTC_123","MONO","CCL3","CCR1",0.0301688019831414,0,"CCL3_CCR1","CCL3 - CCR1","CCL","Secreted Signaling","KEGG: hsa04060"
"MTC_456","MONO","CCL3","CCR1",0.0297238861258244,0,"CCL3_CCR1","CCL3 - CCR1","CCL","Secreted Signaling","KEGG: hsa04060"
"MTC_123","MTC_456","CCL3","CCR1",0.0349860059405907,0,"CCL3_CCR1","CCL3 - CCR1","CCL","Secreted Signaling","KEGG: hsa04060"
"MTC_456","MTC_456","CCL3","CCR1",0.0344725733167615,0,"CCL3_CCR1","CCL3 - CCR1","CCL","Secreted Signaling","KEGG: hsa04060"
"B Cells","MTC_Prolif","CCL3","CCR1",0.0286387195268989,0.2,"CCL3_CCR1","CCL3 - CCR1","CCL","Secreted Signaling","KEGG: hsa04060"
"MONO","MTC_Prolif","CCL3","CCR1",0.0254804002655228,0.85,"CCL3_CCR1","CCL3 - CCR1","CCL","Secreted Signaling","KEGG: hsa04060"
"MTC_123","MTC_Prolif","CCL3","CCR1",0.0557958141094532,0,"CCL3_CCR1","CCL3 - CCR1","CCL","Secreted Signaling","KEGG: hsa04060"
"MTC_456","MTC_Prolif","CCL3","CCR1",0.054994393541835,0,"CCL3_CCR1","CCL3 - CCR1","CCL","Secreted Signaling","KEGG: hsa04060"
"MTC_Prolif","MTC_Prolif","CCL3","CCR1",0.0232275344898093,0.95,"CCL3_CCR1","CCL3 - CCR1","CCL","Secreted Signaling","KEGG: hsa04060"
"T Cells","MTC_Prolif","CCL3","CCR1",0.0272210777687334,0.53,"CCL3_CCR1","CCL3 - CCR1","CCL","Secreted Signaling","KEGG: hsa04060"
"MTC_123","NEUT","CCL3","CCR1",0.0311242964479686,0,"CCL3_CCR1","CCL3 - CCR1","CCL","Secreted Signaling","KEGG: hsa04060"
"MTC_456","NEUT","CCL3","CCR1",0.0306657349491079,0,"CCL3_CCR1","CCL3 - CCR1","CCL","Secreted Signaling","KEGG: hsa04060"
"MTC_123","MONO","CCL3L1","CCR1",0.0191353042242259,0,"CCL3L1_CCR1","CCL3L1 - CCR1","CCL","Secreted Signaling","KEGG: hsa04060"
"MTC_456","MONO","CCL3L1","CCR1",0.0184621610633191,0,"CCL3L1_CCR1","CCL3L1 - CCR1","CCL","Secreted Signaling","KEGG: hsa04060"
"MTC_123","MTC_456","CCL3L1","CCR1",0.022231118803363,0,"CCL3L1_CCR1","CCL3L1 - CCR1","CCL","Secreted Signaling","KEGG: hsa04060"
"MTC_456","MTC_456","CCL3L1","CCR1",0.021451452587439,0,"CCL3L1_CCR1","CCL3L1 - CCR1","CCL","Secreted Signaling","KEGG: hsa04060"
"MTC_123","MTC_Prolif","CCL3L1","CCR1",0.03573521171709,0,"CCL3L1_CCR1","CCL3L1 - CCR1","CCL","Secreted Signaling","KEGG: hsa04060"
"MTC_456","MTC_Prolif","CCL3L1","CCR1",0.0344986543684436,0,"CCL3L1_CCR1","CCL3L1 - CCR1","CCL","Secreted Signaling","KEGG: hsa04060"
"MTC_123","NEUT","CCL3L1","CCR1",0.019748465822732,0,"CCL3L1_CCR1","CCL3L1 - CCR1","CCL","Secreted Signaling","KEGG: hsa04060"
"MTC_456","NEUT","CCL3L1","CCR1",0.0190541718307995,0,"CCL3L1_CCR1","CCL3L1 - CCR1","CCL","Secreted Signaling","KEGG: hsa04060"
"B Cells","B Cells","MIF","CD74_CXCR4",0.142145096634531,0,"MIF_CD74_CXCR4","MIF - (CD74+CXCR4)","MIF","Secreted Signaling","PMID: 29637711; PMID: 24760155"
"MONO","B Cells","MIF","CD74_CXCR4",0.219727703639444,0,"MIF_CD74_CXCR4","MIF - (CD74+CXCR4)","MIF","Secreted Signaling","PMID: 29637711; PMID: 24760155"
"MTC_123","B Cells","MIF","CD74_CXCR4",0.0378834256576008,0.05,"MIF_CD74_CXCR4","MIF - (CD74+CXCR4)","MIF","Secreted Signaling","PMID: 29637711; PMID: 24760155"
"MTC_456","B Cells","MIF","CD74_CXCR4",0.179065792976153,0,"MIF_CD74_CXCR4","MIF - (CD74+CXCR4)","MIF","Secreted Signaling","PMID: 29637711; PMID: 24760155"
"MTC_Prolif","B Cells","MIF","CD74_CXCR4",0.174696215292137,0,"MIF_CD74_CXCR4","MIF - (CD74+CXCR4)","MIF","Secreted Signaling","PMID: 29637711; PMID: 24760155"
"NEUT","B Cells","MIF","CD74_CXCR4",0.165332641683613,0,"MIF_CD74_CXCR4","MIF - (CD74+CXCR4)","MIF","Secreted Signaling","PMID: 29637711; PMID: 24760155"
"T Cells","B Cells","MIF","CD74_CXCR4",0.151592637201791,0,"MIF_CD74_CXCR4","MIF - (CD74+CXCR4)","MIF","Secreted Signaling","PMID: 29637711; PMID: 24760155"
"B Cells","MONO","MIF","CD74_CXCR4",0.0636849077585828,0,"MIF_CD74_CXCR4","MIF - (CD74+CXCR4)","MIF","Secreted Signaling","PMID: 29637711; PMID: 24760155"
"MONO","MONO","MIF","CD74_CXCR4",0.103616504282046,0,"MIF_CD74_CXCR4","MIF - (CD74+CXCR4)","MIF","Secreted Signaling","PMID: 29637711; PMID: 24760155"
"MTC_123","MONO","MIF","CD74_CXCR4",0.0159057696384349,0.08,"MIF_CD74_CXCR4","MIF - (CD74+CXCR4)","MIF","Secreted Signaling","PMID: 29637711; PMID: 24760155"
"MTC_456","MONO","MIF","CD74_CXCR4",0.0821786302814537,0,"MIF_CD74_CXCR4","MIF - (CD74+CXCR4)","MIF","Secreted Signaling","PMID: 29637711; PMID: 24760155"
"MTC_Prolif","MONO","MIF","CD74_CXCR4",0.0799430689062462,0,"MIF_CD74_CXCR4","MIF - (CD74+CXCR4)","MIF","Secreted Signaling","PMID: 29637711; PMID: 24760155"
"NEUT","MONO","MIF","CD74_CXCR4",0.0751954541067621,0,"MIF_CD74_CXCR4","MIF - (CD74+CXCR4)","MIF","Secreted Signaling","PMID: 29637711; PMID: 24760155"
"T Cells","MONO","MIF","CD74_CXCR4",0.0683330527416394,0,"MIF_CD74_CXCR4","MIF - (CD74+CXCR4)","MIF","Secreted Signaling","PMID: 29637711; PMID: 24760155"
"B Cells","NEUT","MIF","CD74_CXCR4",0.083541185670322,0,"MIF_CD74_CXCR4","MIF - (CD74+CXCR4)","MIF","Secreted Signaling","PMID: 29637711; PMID: 24760155"
"MONO","NEUT","MIF","CD74_CXCR4",0.134139369279441,0,"MIF_CD74_CXCR4","MIF - (CD74+CXCR4)","MIF","Secreted Signaling","PMID: 29637711; PMID: 24760155"
"MTC_123","NEUT","MIF","CD74_CXCR4",0.0212023549293528,0.17,"MIF_CD74_CXCR4","MIF - (CD74+CXCR4)","MIF","Secreted Signaling","PMID: 29637711; PMID: 24760155"
"MTC_456","NEUT","MIF","CD74_CXCR4",0.107141242322318,0,"MIF_CD74_CXCR4","MIF - (CD74+CXCR4)","MIF","Secreted Signaling","PMID: 29637711; PMID: 24760155"
"MTC_Prolif","NEUT","MIF","CD74_CXCR4",0.104303777944509,0,"MIF_CD74_CXCR4","MIF - (CD74+CXCR4)","MIF","Secreted Signaling","PMID: 29637711; PMID: 24760155"
"NEUT","NEUT","MIF","CD74_CXCR4",0.098263955498023,0,"MIF_CD74_CXCR4","MIF - (CD74+CXCR4)","MIF","Secreted Signaling","PMID: 29637711; PMID: 24760155"
"T Cells","NEUT","MIF","CD74_CXCR4",0.0895000434153902,0,"MIF_CD74_CXCR4","MIF - (CD74+CXCR4)","MIF","Secreted Signaling","PMID: 29637711; PMID: 24760155"
"B Cells","T Cells","MIF","CD74_CXCR4",0.0839464212508002,0,"MIF_CD74_CXCR4","MIF - (CD74+CXCR4)","MIF","Secreted Signaling","PMID: 29637711; PMID: 24760155"
"MONO","T Cells","MIF","CD74_CXCR4",0.134753954260497,0,"MIF_CD74_CXCR4","MIF - (CD74+CXCR4)","MIF","Secreted Signaling","PMID: 29637711; PMID: 24760155"
"MTC_123","T Cells","MIF","CD74_CXCR4",0.0213122338335745,0.16,"MIF_CD74_CXCR4","MIF - (CD74+CXCR4)","MIF","Secreted Signaling","PMID: 29637711; PMID: 24760155"
"MTC_456","T Cells","MIF","CD74_CXCR4",0.107647508807417,0,"MIF_CD74_CXCR4","MIF - (CD74+CXCR4)","MIF","Secreted Signaling","PMID: 29637711; PMID: 24760155"
"MTC_Prolif","T Cells","MIF","CD74_CXCR4",0.1047982104793,0,"MIF_CD74_CXCR4","MIF - (CD74+CXCR4)","MIF","Secreted Signaling","PMID: 29637711; PMID: 24760155"
"NEUT","T Cells","MIF","CD74_CXCR4",0.098732913351585,0,"MIF_CD74_CXCR4","MIF - (CD74+CXCR4)","MIF","Secreted Signaling","PMID: 29637711; PMID: 24760155"
"T Cells","T Cells","MIF","CD74_CXCR4",0.089931347390759,0,"MIF_CD74_CXCR4","MIF - (CD74+CXCR4)","MIF","Secreted Signaling","PMID: 29637711; PMID: 24760155"
"B Cells","B Cells","MIF","CD74_CD44",0.0642599100278927,0,"MIF_CD74_CD44","MIF - (CD74+CD44)","MIF","Secreted Signaling","PMID: 29637711; PMID: 26175090"
"MONO","B Cells","MIF","CD74_CD44",0.104511800194968,0,"MIF_CD74_CD44","MIF - (CD74+CD44)","MIF","Secreted Signaling","PMID: 29637711; PMID: 26175090"
"MTC_123","B Cells","MIF","CD74_CD44",0.0160567785317016,0,"MIF_CD74_CD44","MIF - (CD74+CD44)","MIF","Secreted Signaling","PMID: 29637711; PMID: 26175090"
"MTC_456","B Cells","MIF","CD74_CD44",0.0829058248586153,0,"MIF_CD74_CD44","MIF - (CD74+CD44)","MIF","Secreted Signaling","PMID: 29637711; PMID: 26175090"
"MTC_Prolif","B Cells","MIF","CD74_CD44",0.080652219460003,0,"MIF_CD74_CD44","MIF - (CD74+CD44)","MIF","Secreted Signaling","PMID: 29637711; PMID: 26175090"
"NEUT","B Cells","MIF","CD74_CD44",0.0758659627041969,0,"MIF_CD74_CD44","MIF - (CD74+CD44)","MIF","Secreted Signaling","PMID: 29637711; PMID: 26175090"
"T Cells","B Cells","MIF","CD74_CD44",0.0689469321369846,0,"MIF_CD74_CD44","MIF - (CD74+CD44)","MIF","Secreted Signaling","PMID: 29637711; PMID: 26175090"
"B Cells","MONO","MIF","CD74_CD44",0.0912761926860678,0,"MIF_CD74_CD44","MIF - (CD74+CD44)","MIF","Secreted Signaling","PMID: 29637711; PMID: 26175090"
"MONO","MONO","MIF","CD74_CD44",0.145813833667224,0,"MIF_CD74_CD44","MIF - (CD74+CD44)","MIF","Secreted Signaling","PMID: 29637711; PMID: 26175090"
"MTC_123","MONO","MIF","CD74_CD44",0.023312284683933,0,"MIF_CD74_CD44","MIF - (CD74+CD44)","MIF","Secreted Signaling","PMID: 29637711; PMID: 26175090"
"MTC_456","MONO","MIF","CD74_CD44",0.116782913389773,0,"MIF_CD74_CD44","MIF - (CD74+CD44)","MIF","Secreted Signaling","PMID: 29637711; PMID: 26175090"
"MTC_Prolif","MONO","MIF","CD74_CD44",0.113722627748556,0,"MIF_CD74_CD44","MIF - (CD74+CD44)","MIF","Secreted Signaling","PMID: 29637711; PMID: 26175090"
"NEUT","MONO","MIF","CD74_CD44",0.10720267468011,0,"MIF_CD74_CD44","MIF - (CD74+CD44)","MIF","Secreted Signaling","PMID: 29637711; PMID: 26175090"
"T Cells","MONO","MIF","CD74_CD44",0.0977279419090485,0,"MIF_CD74_CD44","MIF - (CD74+CD44)","MIF","Secreted Signaling","PMID: 29637711; PMID: 26175090"
"B Cells","NEUT","MIF","CD74_CD44",0.097961998235275,0,"MIF_CD74_CD44","MIF - (CD74+CD44)","MIF","Secreted Signaling","PMID: 29637711; PMID: 26175090"
"MONO","NEUT","MIF","CD74_CD44",0.155809473367401,0,"MIF_CD74_CD44","MIF - (CD74+CD44)","MIF","Secreted Signaling","PMID: 29637711; PMID: 26175090"
"MTC_123","NEUT","MIF","CD74_CD44",0.0251576850436824,0,"MIF_CD74_CD44","MIF - (CD74+CD44)","MIF","Secreted Signaling","PMID: 29637711; PMID: 26175090"
"MTC_456","NEUT","MIF","CD74_CD44",0.125079875411997,0,"MIF_CD74_CD44","MIF - (CD74+CD44)","MIF","Secreted Signaling","PMID: 29637711; PMID: 26175090"
"MTC_Prolif","NEUT","MIF","CD74_CD44",0.121832160000118,0,"MIF_CD74_CD44","MIF - (CD74+CD44)","MIF","Secreted Signaling","PMID: 29637711; PMID: 26175090"
"NEUT","NEUT","MIF","CD74_CD44",0.114907550571015,0,"MIF_CD74_CD44","MIF - (CD74+CD44)","MIF","Secreted Signaling","PMID: 29637711; PMID: 26175090"
"T Cells","NEUT","MIF","CD74_CD44",0.104831808312046,0,"MIF_CD74_CD44","MIF - (CD74+CD44)","MIF","Secreted Signaling","PMID: 29637711; PMID: 26175090"
"B Cells","T Cells","MIF","CD74_CD44",0.0420114927385642,0,"MIF_CD74_CD44","MIF - (CD74+CD44)","MIF","Secreted Signaling","PMID: 29637711; PMID: 26175090"
"MONO","T Cells","MIF","CD74_CD44",0.0693601529349634,0,"MIF_CD74_CD44","MIF - (CD74+CD44)","MIF","Secreted Signaling","PMID: 29637711; PMID: 26175090"
"MTC_123","T Cells","MIF","CD74_CD44",0.0103135679159432,0,"MIF_CD74_CD44","MIF - (CD74+CD44)","MIF","Secreted Signaling","PMID: 29637711; PMID: 26175090"
"MTC_456","T Cells","MIF","CD74_CD44",0.0545782535379116,0,"MIF_CD74_CD44","MIF - (CD74+CD44)","MIF","Secreted Signaling","PMID: 29637711; PMID: 26175090"
"MTC_Prolif","T Cells","MIF","CD74_CD44",0.0530501259267613,0,"MIF_CD74_CD44","MIF - (CD74+CD44)","MIF","Secreted Signaling","PMID: 29637711; PMID: 26175090"
"NEUT","T Cells","MIF","CD74_CD44",0.0498131450026333,0,"MIF_CD74_CD44","MIF - (CD74+CD44)","MIF","Secreted Signaling","PMID: 29637711; PMID: 26175090"
"T Cells","T Cells","MIF","CD74_CD44",0.0451540548832318,0,"MIF_CD74_CD44","MIF - (CD74+CD44)","MIF","Secreted Signaling","PMID: 29637711; PMID: 26175090"
"MONO","MONO","IL10","IL10RA_IL10RB",0.00198610708721975,0,"IL10_IL10RA_IL10RB","IL10 - (IL10RA+IL10RB)","IL10","Secreted Signaling","KEGG: hsa04060"
"NEUT","MONO","IL10","IL10RA_IL10RB",0.00121279105921573,0,"IL10_IL10RA_IL10RB","IL10 - (IL10RA+IL10RB)","IL10","Secreted Signaling","KEGG: hsa04060"
"MONO","MTC_456","IL10","IL10RA_IL10RB",0.00192701750490947,0,"IL10_IL10RA_IL10RB","IL10 - (IL10RA+IL10RB)","IL10","Secreted Signaling","KEGG: hsa04060"
"NEUT","MTC_456","IL10","IL10RA_IL10RB",0.00117668163039556,0,"IL10_IL10RA_IL10RB","IL10 - (IL10RA+IL10RB)","IL10","Secreted Signaling","KEGG: hsa04060"
"MONO","MTC_Prolif","IL10","IL10RA_IL10RB",0.00234271647154519,0,"IL10_IL10RA_IL10RB","IL10 - (IL10RA+IL10RB)","IL10","Secreted Signaling","KEGG: hsa04060"
"NEUT","MTC_Prolif","IL10","IL10RA_IL10RB",0.00143074910443609,0,"IL10_IL10RA_IL10RB","IL10 - (IL10RA+IL10RB)","IL10","Secreted Signaling","KEGG: hsa04060"
"MONO","NEUT","IL10","IL10RA_IL10RB",0.0031484219039437,0,"IL10_IL10RA_IL10RB","IL10 - (IL10RA+IL10RB)","IL10","Secreted Signaling","KEGG: hsa04060"
"NEUT","NEUT","IL10","IL10RA_IL10RB",0.00192341603214021,0,"IL10_IL10RA_IL10RB","IL10 - (IL10RA+IL10RB)","IL10","Secreted Signaling","KEGG: hsa04060"
"B Cells","MTC_123","IL16","CD4",0.00148585661259688,0,"IL16_CD4","IL16 - CD4","IL16","Secreted Signaling","KEGG: hsa04060"
"MTC_123","MTC_123","IL16","CD4",0.00196395271881028,0,"IL16_CD4","IL16 - CD4","IL16","Secreted Signaling","KEGG: hsa04060"
"T Cells","MTC_123","IL16","CD4",0.00241643297437585,0,"IL16_CD4","IL16 - CD4","IL16","Secreted Signaling","KEGG: hsa04060"
"B Cells","MTC_456","IL16","CD4",0.00106591500011064,0,"IL16_CD4","IL16 - CD4","IL16","Secreted Signaling","KEGG: hsa04060"
"MTC_123","MTC_456","IL16","CD4",0.00140907942936598,0,"IL16_CD4","IL16 - CD4","IL16","Secreted Signaling","KEGG: hsa04060"
"T Cells","MTC_456","IL16","CD4",0.00173394306308854,0,"IL16_CD4","IL16 - CD4","IL16","Secreted Signaling","KEGG: hsa04060"
"B Cells","MTC_Prolif","IL16","CD4",0.00133123015001253,0,"IL16_CD4","IL16 - CD4","IL16","Secreted Signaling","KEGG: hsa04060"
"MTC_123","MTC_Prolif","IL16","CD4",0.00175966060863732,0,"IL16_CD4","IL16 - CD4","IL16","Secreted Signaling","KEGG: hsa04060"
"T Cells","MTC_Prolif","IL16","CD4",0.00216517557493049,0,"IL16_CD4","IL16 - CD4","IL16","Secreted Signaling","KEGG: hsa04060"
"B Cells","NEUT","IL16","CD4",0.000844613381138675,0,"IL16_CD4","IL16 - CD4","IL16","Secreted Signaling","KEGG: hsa04060"
"MTC_123","NEUT","IL16","CD4",0.00111661082740404,0,"IL16_CD4","IL16 - CD4","IL16","Secreted Signaling","KEGG: hsa04060"
"T Cells","NEUT","IL16","CD4",0.00137413853501861,0,"IL16_CD4","IL16 - CD4","IL16","Secreted Signaling","KEGG: hsa04060"
"T Cells","B Cells","IFNG","IFNGR1_IFNGR2",0.0044353069542935,0,"IFNG_IFNGR1_IFNGR2","IFNG - (IFNGR1+IFNGR2)","IFN-II","Secreted Signaling","KEGG: hsa04060"
"T Cells","MONO","IFNG","IFNGR1_IFNGR2",0.0107650446797107,0,"IFNG_IFNGR1_IFNGR2","IFNG - (IFNGR1+IFNGR2)","IFN-II","Secreted Signaling","KEGG: hsa04060"
"T Cells","MTC_123","IFNG","IFNGR1_IFNGR2",0.00840046122082632,0,"IFNG_IFNGR1_IFNGR2","IFNG - (IFNGR1+IFNGR2)","IFN-II","Secreted Signaling","KEGG: hsa04060"
"T Cells","MTC_456","IFNG","IFNGR1_IFNGR2",0.00727978933809913,0,"IFNG_IFNGR1_IFNGR2","IFNG - (IFNGR1+IFNGR2)","IFN-II","Secreted Signaling","KEGG: hsa04060"
"T Cells","MTC_Prolif","IFNG","IFNGR1_IFNGR2",0.0118801804703893,0,"IFNG_IFNGR1_IFNGR2","IFNG - (IFNGR1+IFNGR2)","IFN-II","Secreted Signaling","KEGG: hsa04060"
"T Cells","NEUT","IFNG","IFNGR1_IFNGR2",0.0105080926018777,0,"IFNG_IFNGR1_IFNGR2","IFNG - (IFNGR1+IFNGR2)","IFN-II","Secreted Signaling","KEGG: hsa04060"
"MTC_123","MONO","TNF","TNFRSF1A",0.00484308844168507,0,"TNF_TNFRSF1A","TNF - TNFRSF1A","TNF","Secreted Signaling","KEGG: hsa04060"
"MTC_Prolif","MONO","TNF","TNFRSF1A",0.00361365292421424,0.29,"TNF_TNFRSF1A","TNF - TNFRSF1A","TNF","Secreted Signaling","KEGG: hsa04060"
"MTC_123","MTC_123","TNF","TNFRSF1A",0.00460369570098521,0,"TNF_TNFRSF1A","TNF - TNFRSF1A","TNF","Secreted Signaling","KEGG: hsa04060"
"MTC_Prolif","MTC_123","TNF","TNFRSF1A",0.0034348211442005,0.52,"TNF_TNFRSF1A","TNF - TNFRSF1A","TNF","Secreted Signaling","KEGG: hsa04060"
"MTC_123","MTC_456","TNF","TNFRSF1A",0.00534976710392963,0,"TNF_TNFRSF1A","TNF - TNFRSF1A","TNF","Secreted Signaling","KEGG: hsa04060"
"MTC_Prolif","MTC_456","TNF","TNFRSF1A",0.00399222536331327,0.02,"TNF_TNFRSF1A","TNF - TNFRSF1A","TNF","Secreted Signaling","KEGG: hsa04060"
"MTC_123","MTC_Prolif","TNF","TNFRSF1A",0.00932780151763109,0,"TNF_TNFRSF1A","TNF - TNFRSF1A","TNF","Secreted Signaling","KEGG: hsa04060"
"MTC_456","MTC_Prolif","TNF","TNFRSF1A",0.00479893118216451,0,"TNF_TNFRSF1A","TNF - TNFRSF1A","TNF","Secreted Signaling","KEGG: hsa04060"
"MTC_Prolif","MTC_Prolif","TNF","TNFRSF1A",0.00696787662421453,0,"TNF_TNFRSF1A","TNF - TNFRSF1A","TNF","Secreted Signaling","KEGG: hsa04060"
"MTC_123","NEUT","TNF","TNFRSF1A",0.00494928706920626,0,"TNF_TNFRSF1A","TNF - TNFRSF1A","TNF","Secreted Signaling","KEGG: hsa04060"
"MTC_Prolif","NEUT","TNF","TNFRSF1A",0.0036929926896,0.21,"TNF_TNFRSF1A","TNF - TNFRSF1A","TNF","Secreted Signaling","KEGG: hsa04060"
"MTC_123","MONO","TNF","TNFRSF1B",0.00646954926611615,0,"TNF_TNFRSF1B","TNF - TNFRSF1B","TNF","Secreted Signaling","KEGG: hsa04060"
"MTC_Prolif","MONO","TNF","TNFRSF1B",0.00482923439803576,0,"TNF_TNFRSF1B","TNF - TNFRSF1B","TNF","Secreted Signaling","KEGG: hsa04060"
"MTC_123","MTC_123","TNF","TNFRSF1B",0.00469888033463305,0,"TNF_TNFRSF1B","TNF - TNFRSF1B","TNF","Secreted Signaling","KEGG: hsa04060"
"MTC_Prolif","MTC_123","TNF","TNFRSF1B",0.003505923598132,0.95,"TNF_TNFRSF1B","TNF - TNFRSF1B","TNF","Secreted Signaling","KEGG: hsa04060"
"MTC_123","MTC_456","TNF","TNFRSF1B",0.00620161792181526,0,"TNF_TNFRSF1B","TNF - TNFRSF1B","TNF","Secreted Signaling","KEGG: hsa04060"
"MTC_Prolif","MTC_456","TNF","TNFRSF1B",0.00462891891548345,0.02,"TNF_TNFRSF1B","TNF - TNFRSF1B","TNF","Secreted Signaling","KEGG: hsa04060"
"MTC_123","MTC_Prolif","TNF","TNFRSF1B",0.0113710465910233,0,"TNF_TNFRSF1B","TNF - TNFRSF1B","TNF","Secreted Signaling","KEGG: hsa04060"
"MTC_456","MTC_Prolif","TNF","TNFRSF1B",0.00585599609708554,0,"TNF_TNFRSF1B","TNF - TNFRSF1B","TNF","Secreted Signaling","KEGG: hsa04060"
"MTC_Prolif","MTC_Prolif","TNF","TNFRSF1B",0.00849861727406703,0,"TNF_TNFRSF1B","TNF - TNFRSF1B","TNF","Secreted Signaling","KEGG: hsa04060"
"MTC_123","NEUT","TNF","TNFRSF1B",0.0198815049605948,0,"TNF_TNFRSF1B","TNF - TNFRSF1B","TNF","Secreted Signaling","KEGG: hsa04060"
"MTC_456","NEUT","TNF","TNFRSF1B",0.0102817401009475,0,"TNF_TNFRSF1B","TNF - TNFRSF1B","TNF","Secreted Signaling","KEGG: hsa04060"
"MTC_Prolif","NEUT","TNF","TNFRSF1B",0.0148916393600804,0,"TNF_TNFRSF1B","TNF - TNFRSF1B","TNF","Secreted Signaling","KEGG: hsa04060"
"MTC_123","T Cells","TNF","TNFRSF1B",0.00473645652566072,0,"TNF_TNFRSF1B","TNF - TNFRSF1B","TNF","Secreted Signaling","KEGG: hsa04060"
"MTC_Prolif","T Cells","TNF","TNFRSF1B",0.003533993778874,0.88,"TNF_TNFRSF1B","TNF - TNFRSF1B","TNF","Secreted Signaling","KEGG: hsa04060"
"MTC_Prolif","MTC_456","TNFSF12","TNFRSF12A",0.00115915359207628,0,"TNFSF12_TNFRSF12A","TNFSF12 - TNFRSF12A","TWEAK","Secreted Signaling","KEGG: hsa04060"
"MONO","B Cells","TNFSF13B","TNFRSF13C",0.0028850617810817,0,"TNFSF13B_TNFRSF13C","TNFSF13B - TNFRSF13C","BAFF","Secreted Signaling","KEGG: hsa04060"
"NEUT","B Cells","TNFSF13B","TNFRSF13C",0.0100674033734132,0,"TNFSF13B_TNFRSF13C","TNFSF13B - TNFRSF13C","BAFF","Secreted Signaling","KEGG: hsa04060"
"B Cells","B Cells","SPP1","CD44",0.055856795551171,0,"SPP1_CD44","SPP1 - CD44","SPP1","Secreted Signaling","PMID: 21907263"
"MONO","B Cells","SPP1","CD44",0.0562223485865415,0,"SPP1_CD44","SPP1 - CD44","SPP1","Secreted Signaling","PMID: 21907263"
"MTC_123","B Cells","SPP1","CD44",0.0469248800228873,0,"SPP1_CD44","SPP1 - CD44","SPP1","Secreted Signaling","PMID: 21907263"
"MTC_456","B Cells","SPP1","CD44",0.082271185336273,0,"SPP1_CD44","SPP1 - CD44","SPP1","Secreted Signaling","PMID: 21907263"
"MTC_Prolif","B Cells","SPP1","CD44",0.0652283848179858,0,"SPP1_CD44","SPP1 - CD44","SPP1","Secreted Signaling","PMID: 21907263"
"NEUT","B Cells","SPP1","CD44",0.0434769620145228,0,"SPP1_CD44","SPP1 - CD44","SPP1","Secreted Signaling","PMID: 21907263"
"T Cells","B Cells","SPP1","CD44",0.0356870192903155,0,"SPP1_CD44","SPP1 - CD44","SPP1","Secreted Signaling","PMID: 21907263"
"B Cells","MONO","SPP1","CD44",0.173051452763456,0,"SPP1_CD44","SPP1 - CD44","SPP1","Secreted Signaling","PMID: 21907263"
"MONO","MONO","SPP1","CD44",0.174042598659508,0,"SPP1_CD44","SPP1 - CD44","SPP1","Secreted Signaling","PMID: 21907263"
"MTC_123","MONO","SPP1","CD44",0.148323311828577,0,"SPP1_CD44","SPP1 - CD44","SPP1","Secreted Signaling","PMID: 21907263"
"MTC_456","MONO","SPP1","CD44",0.240754422319783,0,"SPP1_CD44","SPP1 - CD44","SPP1","Secreted Signaling","PMID: 21907263"
"MTC_Prolif","MONO","SPP1","CD44",0.197963036954377,0,"SPP1_CD44","SPP1 - CD44","SPP1","Secreted Signaling","PMID: 21907263"
"NEUT","MONO","SPP1","CD44",0.138507659691915,0,"SPP1_CD44","SPP1 - CD44","SPP1","Secreted Signaling","PMID: 21907263"
"T Cells","MONO","SPP1","CD44",0.115751165900814,0,"SPP1_CD44","SPP1 - CD44","SPP1","Secreted Signaling","PMID: 21907263"
"B Cells","NEUT","SPP1","CD44",0.183994549923873,0,"SPP1_CD44","SPP1 - CD44","SPP1","Secreted Signaling","PMID: 21907263"
"MONO","NEUT","SPP1","CD44",0.185034347863461,0,"SPP1_CD44","SPP1 - CD44","SPP1","Secreted Signaling","PMID: 21907263"
"MTC_123","NEUT","SPP1","CD44",0.158001469515725,0,"SPP1_CD44","SPP1 - CD44","SPP1","Secreted Signaling","PMID: 21907263"
"MTC_456","NEUT","SPP1","CD44",0.254660365030514,0,"SPP1_CD44","SPP1 - CD44","SPP1","Secreted Signaling","PMID: 21907263"
"MTC_Prolif","NEUT","SPP1","CD44",0.210081247065339,0,"SPP1_CD44","SPP1 - CD44","SPP1","Secreted Signaling","PMID: 21907263"
"NEUT","NEUT","SPP1","CD44",0.147656382115934,0,"SPP1_CD44","SPP1 - CD44","SPP1","Secreted Signaling","PMID: 21907263"
"T Cells","NEUT","SPP1","CD44",0.123612450505608,0,"SPP1_CD44","SPP1 - CD44","SPP1","Secreted Signaling","PMID: 21907263"
"B Cells","T Cells","SPP1","CD44",0.0567154341709709,0,"SPP1_CD44","SPP1 - CD44","SPP1","Secreted Signaling","PMID: 21907263"
"MONO","T Cells","SPP1","CD44",0.0570862667747424,0,"SPP1_CD44","SPP1 - CD44","SPP1","Secreted Signaling","PMID: 21907263"
"MTC_123","T Cells","SPP1","CD44",0.0476531459562398,0,"SPP1_CD44","SPP1 - CD44","SPP1","Secreted Signaling","PMID: 21907263"
"MTC_456","T Cells","SPP1","CD44",0.0834999590604725,0,"SPP1_CD44","SPP1 - CD44","SPP1","Secreted Signaling","PMID: 21907263"
"MTC_Prolif","T Cells","SPP1","CD44",0.0662209805630288,0,"SPP1_CD44","SPP1 - CD44","SPP1","Secreted Signaling","PMID: 21907263"
"NEUT","T Cells","SPP1","CD44",0.0441541959321659,0,"SPP1_CD44","SPP1 - CD44","SPP1","Secreted Signaling","PMID: 21907263"
"T Cells","T Cells","SPP1","CD44",0.0362475087656871,0,"SPP1_CD44","SPP1 - CD44","SPP1","Secreted Signaling","PMID: 21907263"
"B Cells","MTC_Prolif","SPP1","ITGAV_ITGB1",0.0416846550969916,0,"SPP1_ITGAV_ITGB1","SPP1 - (ITGAV+ITGB1)","SPP1","Secreted Signaling","PMID: 21907263"
"MONO","MTC_Prolif","SPP1","ITGAV_ITGB1",0.0419615811565673,0,"SPP1_ITGAV_ITGB1","SPP1 - (ITGAV+ITGB1)","SPP1","Secreted Signaling","PMID: 21907263"
"MTC_123","MTC_Prolif","SPP1","ITGAV_ITGB1",0.0349351149679091,0,"SPP1_ITGAV_ITGB1","SPP1 - (ITGAV+ITGB1)","SPP1","Secreted Signaling","PMID: 21907263"
"MTC_456","MTC_Prolif","SPP1","ITGAV_ITGB1",0.0618360516642135,0,"SPP1_ITGAV_ITGB1","SPP1 - (ITGAV+ITGB1)","SPP1","Secreted Signaling","PMID: 21907263"
"MTC_Prolif","MTC_Prolif","SPP1","ITGAV_ITGB1",0.048801363058432,0,"SPP1_ITGAV_ITGB1","SPP1 - (ITGAV+ITGB1)","SPP1","Secreted Signaling","PMID: 21907263"
"NEUT","MTC_Prolif","SPP1","ITGAV_ITGB1",0.0323382817292117,0,"SPP1_ITGAV_ITGB1","SPP1 - (ITGAV+ITGB1)","SPP1","Secreted Signaling","PMID: 21907263"
"T Cells","MTC_Prolif","SPP1","ITGAV_ITGB1",0.0264888329865891,0,"SPP1_ITGAV_ITGB1","SPP1 - (ITGAV+ITGB1)","SPP1","Secreted Signaling","PMID: 21907263"
"B Cells","MTC_Prolif","SPP1","ITGAV_ITGB5",0.0174352741242737,0,"SPP1_ITGAV_ITGB5","SPP1 - (ITGAV+ITGB5)","SPP1","Secreted Signaling","PMID: 21907263"
"MONO","MTC_Prolif","SPP1","ITGAV_ITGB5",0.0175540537994314,0,"SPP1_ITGAV_ITGB5","SPP1 - (ITGAV+ITGB5)","SPP1","Secreted Signaling","PMID: 21907263"
"MTC_123","MTC_Prolif","SPP1","ITGAV_ITGB5",0.0145525458385828,0,"SPP1_ITGAV_ITGB5","SPP1 - (ITGAV+ITGB5)","SPP1","Secreted Signaling","PMID: 21907263"
"MTC_456","MTC_Prolif","SPP1","ITGAV_ITGB5",0.0261842211017311,0,"SPP1_ITGAV_ITGB5","SPP1 - (ITGAV+ITGB5)","SPP1","Secreted Signaling","PMID: 21907263"
"MTC_Prolif","MTC_Prolif","SPP1","ITGAV_ITGB5",0.0205005156788448,0,"SPP1_ITGAV_ITGB5","SPP1 - (ITGAV+ITGB5)","SPP1","Secreted Signaling","PMID: 21907263"
"NEUT","MTC_Prolif","SPP1","ITGAV_ITGB5",0.0134496956160704,0,"SPP1_ITGAV_ITGB5","SPP1 - (ITGAV+ITGB5)","SPP1","Secreted Signaling","PMID: 21907263"
"T Cells","MTC_Prolif","SPP1","ITGAV_ITGB5",0.0109781113551131,0,"SPP1_ITGAV_ITGB5","SPP1 - (ITGAV+ITGB5)","SPP1","Secreted Signaling","PMID: 21907263"
"B Cells","NEUT","SPP1","ITGA4_ITGB1",0.0581352080296289,0,"SPP1_ITGA4_ITGB1","SPP1 - (ITGA4+ITGB1)","SPP1","Secreted Signaling","PMID: 21907263"
"MONO","NEUT","SPP1","ITGA4_ITGB1",0.0585147479311511,0,"SPP1_ITGA4_ITGB1","SPP1 - (ITGA4+ITGB1)","SPP1","Secreted Signaling","PMID: 21907263"
"MTC_123","NEUT","SPP1","ITGA4_ITGB1",0.0488578111831459,0,"SPP1_ITGA4_ITGB1","SPP1 - (ITGA4+ITGB1)","SPP1","Secreted Signaling","PMID: 21907263"
"MTC_456","NEUT","SPP1","ITGA4_ITGB1",0.0855294417064857,0,"SPP1_ITGA4_ITGB1","SPP1 - (ITGA4+ITGB1)","SPP1","Secreted Signaling","PMID: 21907263"
"MTC_Prolif","NEUT","SPP1","ITGA4_ITGB1",0.0678615905945447,0,"SPP1_ITGA4_ITGB1","SPP1 - (ITGA4+ITGB1)","SPP1","Secreted Signaling","PMID: 21907263"
"NEUT","NEUT","SPP1","ITGA4_ITGB1",0.0452746132246465,0,"SPP1_ITGA4_ITGB1","SPP1 - (ITGA4+ITGB1)","SPP1","Secreted Signaling","PMID: 21907263"
"T Cells","NEUT","SPP1","ITGA4_ITGB1",0.0371750961432901,0,"SPP1_ITGA4_ITGB1","SPP1 - (ITGA4+ITGB1)","SPP1","Secreted Signaling","PMID: 21907263"
"B Cells","T Cells","SPP1","ITGA4_ITGB1",0.0443168480594059,0,"SPP1_ITGA4_ITGB1","SPP1 - (ITGA4+ITGB1)","SPP1","Secreted Signaling","PMID: 21907263"
"MONO","T Cells","SPP1","ITGA4_ITGB1",0.0446104467004443,0,"SPP1_ITGA4_ITGB1","SPP1 - (ITGA4+ITGB1)","SPP1","Secreted Signaling","PMID: 21907263"
"MTC_123","T Cells","SPP1","ITGA4_ITGB1",0.0371576312479682,0,"SPP1_ITGA4_ITGB1","SPP1 - (ITGA4+ITGB1)","SPP1","Secreted Signaling","PMID: 21907263"
"MTC_456","T Cells","SPP1","ITGA4_ITGB1",0.0656535361352996,0,"SPP1_ITGA4_ITGB1","SPP1 - (ITGA4+ITGB1)","SPP1","Secreted Signaling","PMID: 21907263"
"MTC_Prolif","T Cells","SPP1","ITGA4_ITGB1",0.0518586248771545,0,"SPP1_ITGA4_ITGB1","SPP1 - (ITGA4+ITGB1)","SPP1","Secreted Signaling","PMID: 21907263"
"NEUT","T Cells","SPP1","ITGA4_ITGB1",0.0344014807015658,0,"SPP1_ITGA4_ITGB1","SPP1 - (ITGA4+ITGB1)","SPP1","Secreted Signaling","PMID: 21907263"
"T Cells","T Cells","SPP1","ITGA4_ITGB1",0.0281897060431344,0,"SPP1_ITGA4_ITGB1","SPP1 - (ITGA4+ITGB1)","SPP1","Secreted Signaling","PMID: 21907263"
"MONO","MONO","RETN","TLR4",0.000568052096826075,0,"RETN_TLR4","RETN - TLR4","RESISTIN","Secreted Signaling","PMID: 30809105"
"NEUT","MONO","RETN","TLR4",0.000648367262021608,0,"RETN_TLR4","RETN - TLR4","RESISTIN","Secreted Signaling","PMID: 30809105"
"MONO","MTC_123","RETN","TLR4",0.00175253089475027,0,"RETN_TLR4","RETN - TLR4","RESISTIN","Secreted Signaling","PMID: 30809105"
"NEUT","MTC_123","RETN","TLR4",0.0019999808022031,0,"RETN_TLR4","RETN - TLR4","RESISTIN","Secreted Signaling","PMID: 30809105"
"MONO","MTC_Prolif","RETN","TLR4",0.00111902405542361,0,"RETN_TLR4","RETN - TLR4","RESISTIN","Secreted Signaling","PMID: 30809105"
"NEUT","MTC_Prolif","RETN","TLR4",0.00127713993073549,0,"RETN_TLR4","RETN - TLR4","RESISTIN","Secreted Signaling","PMID: 30809105"
"MONO","NEUT","RETN","TLR4",0.001444028236448,0,"RETN_TLR4","RETN - TLR4","RESISTIN","Secreted Signaling","PMID: 30809105"
"NEUT","NEUT","RETN","TLR4",0.00164799079214305,0,"RETN_TLR4","RETN - TLR4","RESISTIN","Secreted Signaling","PMID: 30809105"
"MONO","B Cells","RETN","CAP1",0.00225782860158957,0,"RETN_CAP1","RETN - CAP1","RESISTIN","Secreted Signaling","PMID: 30809105"
"NEUT","B Cells","RETN","CAP1",0.00257644025469365,0,"RETN_CAP1","RETN - CAP1","RESISTIN","Secreted Signaling","PMID: 30809105"
"MONO","MONO","RETN","CAP1",0.00660785311216743,0,"RETN_CAP1","RETN - CAP1","RESISTIN","Secreted Signaling","PMID: 30809105"
"NEUT","MONO","RETN","CAP1",0.00753567870271251,0,"RETN_CAP1","RETN - CAP1","RESISTIN","Secreted Signaling","PMID: 30809105"
"MONO","MTC_123","RETN","CAP1",0.00558784158757044,0,"RETN_CAP1","RETN - CAP1","RESISTIN","Secreted Signaling","PMID: 30809105"
"NEUT","MTC_123","RETN","CAP1",0.00637336362625816,0,"RETN_CAP1","RETN - CAP1","RESISTIN","Secreted Signaling","PMID: 30809105"
"MONO","MTC_456","RETN","CAP1",0.00640811903967855,0,"RETN_CAP1","RETN - CAP1","RESISTIN","Secreted Signaling","PMID: 30809105"
"NEUT","MTC_456","RETN","CAP1",0.00730810577763908,0,"RETN_CAP1","RETN - CAP1","RESISTIN","Secreted Signaling","PMID: 30809105"
"MONO","MTC_Prolif","RETN","CAP1",0.00791697007288048,0,"RETN_CAP1","RETN - CAP1","RESISTIN","Secreted Signaling","PMID: 30809105"
"NEUT","MTC_Prolif","RETN","CAP1",0.00902694179307463,0,"RETN_CAP1","RETN - CAP1","RESISTIN","Secreted Signaling","PMID: 30809105"
"MONO","NEUT","RETN","CAP1",0.00799113040317141,0,"RETN_CAP1","RETN - CAP1","RESISTIN","Secreted Signaling","PMID: 30809105"
"NEUT","NEUT","RETN","CAP1",0.00911140402804274,0,"RETN_CAP1","RETN - CAP1","RESISTIN","Secreted Signaling","PMID: 30809105"
"MONO","T Cells","RETN","CAP1",0.00510119600359585,0,"RETN_CAP1","RETN - CAP1","RESISTIN","Secreted Signaling","PMID: 30809105"
"NEUT","T Cells","RETN","CAP1",0.00581870716469154,0,"RETN_CAP1","RETN - CAP1","RESISTIN","Secreted Signaling","PMID: 30809105"
"MTC_123","MTC_123","C3","C3AR1",0.0970169033988419,0,"C3_C3AR1","C3 - C3AR1","COMPLEMENT","Secreted Signaling","KEGG: hsa04080"
"MTC_Prolif","MTC_123","C3","C3AR1",0.0762711743057665,0,"C3_C3AR1","C3 - C3AR1","COMPLEMENT","Secreted Signaling","KEGG: hsa04080"
"MTC_123","MTC_456","C3","C3AR1",0.093092173914629,0,"C3_C3AR1","C3 - C3AR1","COMPLEMENT","Secreted Signaling","KEGG: hsa04080"
"MTC_Prolif","MTC_456","C3","C3AR1",0.0731177371958496,0,"C3_C3AR1","C3 - C3AR1","COMPLEMENT","Secreted Signaling","KEGG: hsa04080"
"MTC_123","MTC_Prolif","C3","C3AR1",0.089525599089855,0,"C3_C3AR1","C3 - C3AR1","COMPLEMENT","Secreted Signaling","KEGG: hsa04080"
"MTC_Prolif","MTC_Prolif","C3","C3AR1",0.0702571445333702,0,"C3_C3AR1","C3 - C3AR1","COMPLEMENT","Secreted Signaling","KEGG: hsa04080"
"MTC_123","MONO","C3","ITGAM_ITGB2",0.0459703596628072,0,"C3_ITGAM_ITGB2","C3 - (ITGAM+ITGB2)","COMPLEMENT","Secreted Signaling","PMID: 16234578"
"MTC_Prolif","MONO","C3","ITGAM_ITGB2",0.0357085724494116,0,"C3_ITGAM_ITGB2","C3 - (ITGAM+ITGB2)","COMPLEMENT","Secreted Signaling","PMID: 16234578"
"MTC_123","MTC_123","C3","ITGAM_ITGB2",0.0458094227011989,0,"C3_ITGAM_ITGB2","C3 - (ITGAM+ITGB2)","COMPLEMENT","Secreted Signaling","PMID: 16234578"
"MTC_Prolif","MTC_123","C3","ITGAM_ITGB2",0.0355822209299089,0,"C3_ITGAM_ITGB2","C3 - (ITGAM+ITGB2)","COMPLEMENT","Secreted Signaling","PMID: 16234578"
"B Cells","MTC_Prolif","C3","ITGAM_ITGB2",0.0028567586565101,0.9,"C3_ITGAM_ITGB2","C3 - (ITGAM+ITGB2)","COMPLEMENT","Secreted Signaling","PMID: 16234578"
"MTC_123","MTC_Prolif","C3","ITGAM_ITGB2",0.0385582119060563,0,"C3_ITGAM_ITGB2","C3 - (ITGAM+ITGB2)","COMPLEMENT","Secreted Signaling","PMID: 16234578"
"MTC_456","MTC_Prolif","C3","ITGAM_ITGB2",0.0200728408483513,0.87,"C3_ITGAM_ITGB2","C3 - (ITGAM+ITGB2)","COMPLEMENT","Secreted Signaling","PMID: 16234578"
"MTC_Prolif","MTC_Prolif","C3","ITGAM_ITGB2",0.0298991555573345,0.08,"C3_ITGAM_ITGB2","C3 - (ITGAM+ITGB2)","COMPLEMENT","Secreted Signaling","PMID: 16234578"
"B Cells","NEUT","C3","ITGAM_ITGB2",0.00417835745310207,0.88,"C3_ITGAM_ITGB2","C3 - (ITGAM+ITGB2)","COMPLEMENT","Secreted Signaling","PMID: 16234578"
"MTC_123","NEUT","C3","ITGAM_ITGB2",0.0554771796631524,0,"C3_ITGAM_ITGB2","C3 - (ITGAM+ITGB2)","COMPLEMENT","Secreted Signaling","PMID: 16234578"
"MTC_456","NEUT","C3","ITGAM_ITGB2",0.0291263320790811,0.07,"C3_ITGAM_ITGB2","C3 - (ITGAM+ITGB2)","COMPLEMENT","Secreted Signaling","PMID: 16234578"
"MTC_Prolif","NEUT","C3","ITGAM_ITGB2",0.0431892929610018,0,"C3_ITGAM_ITGB2","C3 - (ITGAM+ITGB2)","COMPLEMENT","Secreted Signaling","PMID: 16234578"
"MTC_123","MONO","C3","ITGAX_ITGB2",0.0411751621040255,0,"C3_ITGAX_ITGB2","C3 - (ITGAX+ITGB2)","COMPLEMENT","Secreted Signaling","PMID: 16234578"
"MTC_Prolif","MONO","C3","ITGAX_ITGB2",0.031947943129907,0.68,"C3_ITGAX_ITGB2","C3 - (ITGAX+ITGB2)","COMPLEMENT","Secreted Signaling","PMID: 16234578"
"MTC_123","MTC_123","C3","ITGAX_ITGB2",0.0525797152390245,0,"C3_ITGAX_ITGB2","C3 - (ITGAX+ITGB2)","COMPLEMENT","Secreted Signaling","PMID: 16234578"
"MTC_Prolif","MTC_123","C3","ITGAX_ITGB2",0.0409058066367098,0,"C3_ITGAX_ITGB2","C3 - (ITGAX+ITGB2)","COMPLEMENT","Secreted Signaling","PMID: 16234578"
"MTC_123","MTC_456","C3","ITGAX_ITGB2",0.048855123482037,0,"C3_ITGAX_ITGB2","C3 - (ITGAX+ITGB2)","COMPLEMENT","Secreted Signaling","PMID: 16234578"
"MTC_Prolif","MTC_456","C3","ITGAX_ITGB2",0.037975014024705,0,"C3_ITGAX_ITGB2","C3 - (ITGAX+ITGB2)","COMPLEMENT","Secreted Signaling","PMID: 16234578"
"MTC_123","NEUT","C3","ITGAX_ITGB2",0.0579204687431286,0,"C3_ITGAX_ITGB2","C3 - (ITGAX+ITGB2)","COMPLEMENT","Secreted Signaling","PMID: 16234578"
"MTC_Prolif","NEUT","C3","ITGAX_ITGB2",0.045117257539205,0,"C3_ITGAX_ITGB2","C3 - (ITGAX+ITGB2)","COMPLEMENT","Secreted Signaling","PMID: 16234578"
"MONO","NEUT","ANXA1","FPR2",0.00964607210651308,0,"ANXA1_FPR2","ANXA1 - FPR2","ANNEXIN","Secreted Signaling","PMID: 23230437"
"NEUT","NEUT","ANXA1","FPR2",0.0125483518451171,0,"ANXA1_FPR2","ANXA1 - FPR2","ANNEXIN","Secreted Signaling","PMID: 23230437"
"T Cells","NEUT","ANXA1","FPR2",0.0102711693891053,0,"ANXA1_FPR2","ANXA1 - FPR2","ANNEXIN","Secreted Signaling","PMID: 23230437"
"MONO","MONO","ANXA1","FPR1",0.0509958326348008,0,"ANXA1_FPR1","ANXA1 - FPR1","ANNEXIN","Secreted Signaling","PMID: 23230437"
"NEUT","MONO","ANXA1","FPR1",0.0655162588264875,0,"ANXA1_FPR1","ANXA1 - FPR1","ANNEXIN","Secreted Signaling","PMID: 23230437"
"T Cells","MONO","ANXA1","FPR1",0.0541540062530224,0,"ANXA1_FPR1","ANXA1 - FPR1","ANNEXIN","Secreted Signaling","PMID: 23230437"
"MONO","MTC_123","ANXA1","FPR1",0.0200346743368588,0,"ANXA1_FPR1","ANXA1 - FPR1","ANNEXIN","Secreted Signaling","PMID: 23230437"
"NEUT","MTC_123","ANXA1","FPR1",0.0259806455319942,0,"ANXA1_FPR1","ANXA1 - FPR1","ANNEXIN","Secreted Signaling","PMID: 23230437"
"T Cells","MTC_123","ANXA1","FPR1",0.0213184955688569,0,"ANXA1_FPR1","ANXA1 - FPR1","ANNEXIN","Secreted Signaling","PMID: 23230437"
"MONO","MTC_456","ANXA1","FPR1",0.0710380746417765,0,"ANXA1_FPR1","ANXA1 - FPR1","ANNEXIN","Secreted Signaling","PMID: 23230437"
"NEUT","MTC_456","ANXA1","FPR1",0.0907197412675287,0,"ANXA1_FPR1","ANXA1 - FPR1","ANNEXIN","Secreted Signaling","PMID: 23230437"
"T Cells","MTC_456","ANXA1","FPR1",0.0753389280682065,0,"ANXA1_FPR1","ANXA1 - FPR1","ANNEXIN","Secreted Signaling","PMID: 23230437"
"MONO","MTC_Prolif","ANXA1","FPR1",0.0337002579224653,0,"ANXA1_FPR1","ANXA1 - FPR1","ANNEXIN","Secreted Signaling","PMID: 23230437"
"NEUT","MTC_Prolif","ANXA1","FPR1",0.0435218346088324,0,"ANXA1_FPR1","ANXA1 - FPR1","ANNEXIN","Secreted Signaling","PMID: 23230437"
"T Cells","MTC_Prolif","ANXA1","FPR1",0.03582775384478,0,"ANXA1_FPR1","ANXA1 - FPR1","ANNEXIN","Secreted Signaling","PMID: 23230437"
"MONO","NEUT","ANXA1","FPR1",0.0585966471672055,0,"ANXA1_FPR1","ANXA1 - FPR1","ANNEXIN","Secreted Signaling","PMID: 23230437"
"NEUT","NEUT","ANXA1","FPR1",0.0751100193226614,0,"ANXA1_FPR1","ANXA1 - FPR1","ANNEXIN","Secreted Signaling","PMID: 23230437"
"T Cells","NEUT","ANXA1","FPR1",0.0621946900892011,0,"ANXA1_FPR1","ANXA1 - FPR1","ANNEXIN","Secreted Signaling","PMID: 23230437"
"MTC_123","MTC_123","GAS6","AXL",0.00316540496249514,0,"GAS6_AXL","GAS6 - AXL","GAS","Secreted Signaling","PMID: 27801848"
"MTC_456","MTC_123","GAS6","AXL",0.00278685921427445,0,"GAS6_AXL","GAS6 - AXL","GAS","Secreted Signaling","PMID: 27801848"
"MTC_Prolif","MTC_123","GAS6","AXL",0.0068576227198954,0,"GAS6_AXL","GAS6 - AXL","GAS","Secreted Signaling","PMID: 27801848"
"MTC_123","MTC_456","GAS6","AXL",0.0023806633413819,0,"GAS6_AXL","GAS6 - AXL","GAS","Secreted Signaling","PMID: 27801848"
"MTC_Prolif","MTC_456","GAS6","AXL",0.00516227657416943,0,"GAS6_AXL","GAS6 - AXL","GAS","Secreted Signaling","PMID: 27801848"
"MTC_123","MTC_Prolif","GAS6","AXL",0.00287535482425821,0,"GAS6_AXL","GAS6 - AXL","GAS","Secreted Signaling","PMID: 27801848"
"MTC_456","MTC_Prolif","GAS6","AXL",0.00253140762621331,0,"GAS6_AXL","GAS6 - AXL","GAS","Secreted Signaling","PMID: 27801848"
"MTC_Prolif","MTC_Prolif","GAS6","AXL",0.00623136481428536,0,"GAS6_AXL","GAS6 - AXL","GAS","Secreted Signaling","PMID: 27801848"
"MTC_Prolif","MONO","GAS6","MERTK",0.00340775180155745,0,"GAS6_MERTK","GAS6 - MERTK","GAS","Secreted Signaling","PMID: 27801848"
"MTC_123","MTC_123","GAS6","MERTK",0.00266794057601683,0,"GAS6_MERTK","GAS6 - MERTK","GAS","Secreted Signaling","PMID: 27801848"
"MTC_456","MTC_123","GAS6","MERTK",0.00234874563020956,0,"GAS6_MERTK","GAS6 - MERTK","GAS","Secreted Signaling","PMID: 27801848"
"MTC_Prolif","MTC_123","GAS6","MERTK",0.00578326825698373,0,"GAS6_MERTK","GAS6 - MERTK","GAS","Secreted Signaling","PMID: 27801848"
"MTC_123","MTC_456","GAS6","MERTK",0.00240666024826977,0,"GAS6_MERTK","GAS6 - MERTK","GAS","Secreted Signaling","PMID: 27801848"
"MTC_456","MTC_456","GAS6","MERTK",0.00211865872309185,0,"GAS6_MERTK","GAS6 - MERTK","GAS","Secreted Signaling","PMID: 27801848"
"MTC_Prolif","MTC_456","GAS6","MERTK",0.00521848987999119,0,"GAS6_MERTK","GAS6 - MERTK","GAS","Secreted Signaling","PMID: 27801848"
"MTC_123","MTC_Prolif","GAS6","MERTK",0.00178449396219547,0.89,"GAS6_MERTK","GAS6 - MERTK","GAS","Secreted Signaling","PMID: 27801848"
"MTC_456","MTC_Prolif","GAS6","MERTK",0.00157082893369107,0.99,"GAS6_MERTK","GAS6 - MERTK","GAS","Secreted Signaling","PMID: 27801848"
"MTC_Prolif","MTC_Prolif","GAS6","MERTK",0.00387223506889895,0,"GAS6_MERTK","GAS6 - MERTK","GAS","Secreted Signaling","PMID: 27801848"
"B Cells","MTC_123","GRN","SORT1",0.00270491007874598,0,"GRN_SORT1","GRN - SORT1","GRN","Secreted Signaling","PMID: 29555433"
"MONO","MTC_123","GRN","SORT1",0.00954081480264747,0,"GRN_SORT1","GRN - SORT1","GRN","Secreted Signaling","PMID: 29555433"
"MTC_123","MTC_123","GRN","SORT1",0.00761057818844068,0,"GRN_SORT1","GRN - SORT1","GRN","Secreted Signaling","PMID: 29555433"
"MTC_456","MTC_123","GRN","SORT1",0.00589384462017795,0,"GRN_SORT1","GRN - SORT1","GRN","Secreted Signaling","PMID: 29555433"
"MTC_Prolif","MTC_123","GRN","SORT1",0.00799332958837244,0,"GRN_SORT1","GRN - SORT1","GRN","Secreted Signaling","PMID: 29555433"
"NEUT","MTC_123","GRN","SORT1",0.0110963063604473,0,"GRN_SORT1","GRN - SORT1","GRN","Secreted Signaling","PMID: 29555433"
"B Cells","MTC_Prolif","GRN","SORT1",0.00290795826009753,0,"GRN_SORT1","GRN - SORT1","GRN","Secreted Signaling","PMID: 29555433"
"MONO","MTC_Prolif","GRN","SORT1",0.0102517356282322,0,"GRN_SORT1","GRN - SORT1","GRN","Secreted Signaling","PMID: 29555433"
"MTC_123","MTC_Prolif","GRN","SORT1",0.00817885774871866,0,"GRN_SORT1","GRN - SORT1","GRN","Secreted Signaling","PMID: 29555433"
"MTC_456","MTC_Prolif","GRN","SORT1",0.00633475447349778,0,"GRN_SORT1","GRN - SORT1","GRN","Secreted Signaling","PMID: 29555433"
"MTC_Prolif","MTC_Prolif","GRN","SORT1",0.00858994169669165,0,"GRN_SORT1","GRN - SORT1","GRN","Secreted Signaling","PMID: 29555433"
"NEUT","MTC_Prolif","GRN","SORT1",0.0119217374183217,0,"GRN_SORT1","GRN - SORT1","GRN","Secreted Signaling","PMID: 29555433"
"MONO","B Cells","LGALS9","PTPRC",0.0147839145324895,0.51,"LGALS9_CD45","LGALS9 - CD45","GALECTIN","Secreted Signaling","PMID: 30120235"
"MTC_123","B Cells","LGALS9","PTPRC",0.0145401197742816,0.77,"LGALS9_CD45","LGALS9 - CD45","GALECTIN","Secreted Signaling","PMID: 30120235"
"MTC_456","B Cells","LGALS9","PTPRC",0.0159638476110858,0,"LGALS9_CD45","LGALS9 - CD45","GALECTIN","Secreted Signaling","PMID: 30120235"
"MTC_Prolif","B Cells","LGALS9","PTPRC",0.0353572577361937,0,"LGALS9_CD45","LGALS9 - CD45","GALECTIN","Secreted Signaling","PMID: 30120235"
"NEUT","B Cells","LGALS9","PTPRC",0.0155504145143175,0.07,"LGALS9_CD45","LGALS9 - CD45","GALECTIN","Secreted Signaling","PMID: 30120235"
"MTC_Prolif","MONO","LGALS9","PTPRC",0.031244207932665,0,"LGALS9_CD45","LGALS9 - CD45","GALECTIN","Secreted Signaling","PMID: 30120235"
"NEUT","MONO","LGALS9","PTPRC",0.0137087172345174,0.99,"LGALS9_CD45","LGALS9 - CD45","GALECTIN","Secreted Signaling","PMID: 30120235"
"MONO","MTC_123","LGALS9","PTPRC",0.0154205879841071,0,"LGALS9_CD45","LGALS9 - CD45","GALECTIN","Secreted Signaling","PMID: 30120235"
"MTC_123","MTC_123","LGALS9","PTPRC",0.0151664557592456,0,"LGALS9_CD45","LGALS9 - CD45","GALECTIN","Secreted Signaling","PMID: 30120235"
"MTC_456","MTC_123","LGALS9","PTPRC",0.0166504764378369,0,"LGALS9_CD45","LGALS9 - CD45","GALECTIN","Secreted Signaling","PMID: 30120235"
"MTC_Prolif","MTC_123","LGALS9","PTPRC",0.0368467919979775,0,"LGALS9_CD45","LGALS9 - CD45","GALECTIN","Secreted Signaling","PMID: 30120235"
"NEUT","MTC_123","LGALS9","PTPRC",0.0162195540699022,0,"LGALS9_CD45","LGALS9 - CD45","GALECTIN","Secreted Signaling","PMID: 30120235"
"MTC_Prolif","MTC_456","LGALS9","PTPRC",0.0315708734051715,0,"LGALS9_CD45","LGALS9 - CD45","GALECTIN","Secreted Signaling","PMID: 30120235"
"NEUT","MTC_456","LGALS9","PTPRC",0.0138546670711707,0.97,"LGALS9_CD45","LGALS9 - CD45","GALECTIN","Secreted Signaling","PMID: 30120235"
"MONO","MTC_Prolif","LGALS9","PTPRC",0.0140625787843598,0.96,"LGALS9_CD45","LGALS9 - CD45","GALECTIN","Secreted Signaling","PMID: 30120235"
"MTC_123","MTC_Prolif","LGALS9","PTPRC",0.0138305122576945,0.99,"LGALS9_CD45","LGALS9 - CD45","GALECTIN","Secreted Signaling","PMID: 30120235"
"MTC_456","MTC_Prolif","LGALS9","PTPRC",0.0151858280343656,0.09,"LGALS9_CD45","LGALS9 - CD45","GALECTIN","Secreted Signaling","PMID: 30120235"
"MTC_Prolif","MTC_Prolif","LGALS9","PTPRC",0.0336664107340442,0,"LGALS9_CD45","LGALS9 - CD45","GALECTIN","Secreted Signaling","PMID: 30120235"
"NEUT","MTC_Prolif","LGALS9","PTPRC",0.0147922412680902,0.45,"LGALS9_CD45","LGALS9 - CD45","GALECTIN","Secreted Signaling","PMID: 30120235"
"B Cells","NEUT","LGALS9","PTPRC",0.0137654250215263,0.93,"LGALS9_CD45","LGALS9 - CD45","GALECTIN","Secreted Signaling","PMID: 30120235"
"MONO","NEUT","LGALS9","PTPRC",0.0211300685265768,0,"LGALS9_CD45","LGALS9 - CD45","GALECTIN","Secreted Signaling","PMID: 30120235"
"MTC_123","NEUT","LGALS9","PTPRC",0.020783829949414,0,"LGALS9_CD45","LGALS9 - CD45","GALECTIN","Secreted Signaling","PMID: 30120235"
"MTC_456","NEUT","LGALS9","PTPRC",0.0228047766232069,0,"LGALS9_CD45","LGALS9 - CD45","GALECTIN","Secreted Signaling","PMID: 30120235"
"MTC_Prolif","NEUT","LGALS9","PTPRC",0.0500857787551011,0,"LGALS9_CD45","LGALS9 - CD45","GALECTIN","Secreted Signaling","PMID: 30120235"
"NEUT","NEUT","LGALS9","PTPRC",0.0222181767445688,0,"LGALS9_CD45","LGALS9 - CD45","GALECTIN","Secreted Signaling","PMID: 30120235"
"B Cells","T Cells","LGALS9","PTPRC",0.0160232232388101,0.02,"LGALS9_CD45","LGALS9 - CD45","GALECTIN","Secreted Signaling","PMID: 30120235"
"MONO","T Cells","LGALS9","PTPRC",0.0245657237112379,0,"LGALS9_CD45","LGALS9 - CD45","GALECTIN","Secreted Signaling","PMID: 30120235"
"MTC_123","T Cells","LGALS9","PTPRC",0.0241645780363498,0,"LGALS9_CD45","LGALS9 - CD45","GALECTIN","Secreted Signaling","PMID: 30120235"
"MTC_456","T Cells","LGALS9","PTPRC",0.0265053586896223,0,"LGALS9_CD45","LGALS9 - CD45","GALECTIN","Secreted Signaling","PMID: 30120235"
"MTC_Prolif","T Cells","LGALS9","PTPRC",0.0579507778691731,0,"LGALS9_CD45","LGALS9 - CD45","GALECTIN","Secreted Signaling","PMID: 30120235"
"NEUT","T Cells","LGALS9","PTPRC",0.0258260856643301,0,"LGALS9_CD45","LGALS9 - CD45","GALECTIN","Secreted Signaling","PMID: 30120235"
"MTC_Prolif","MTC_123","LGALS9","HAVCR2",0.023875424515149,0,"LGALS9_HAVCR2","LGALS9 - HAVCR2","GALECTIN","Secreted Signaling","PMID: 27192565"
"NEUT","MTC_123","LGALS9","HAVCR2",0.0104310572372546,0.92,"LGALS9_HAVCR2","LGALS9 - HAVCR2","GALECTIN","Secreted Signaling","PMID: 27192565"
"MONO","MTC_456","LGALS9","HAVCR2",0.012901210472443,0,"LGALS9_HAVCR2","LGALS9 - HAVCR2","GALECTIN","Secreted Signaling","PMID: 27192565"
"MTC_123","MTC_456","LGALS9","HAVCR2",0.0126880626889399,0,"LGALS9_HAVCR2","LGALS9 - HAVCR2","GALECTIN","Secreted Signaling","PMID: 27192565"
"MTC_456","MTC_456","LGALS9","HAVCR2",0.0139330062862861,0,"LGALS9_HAVCR2","LGALS9 - HAVCR2","GALECTIN","Secreted Signaling","PMID: 27192565"
"MTC_Prolif","MTC_456","LGALS9","HAVCR2",0.0309368467291315,0,"LGALS9_HAVCR2","LGALS9 - HAVCR2","GALECTIN","Secreted Signaling","PMID: 27192565"
"NEUT","MTC_456","LGALS9","HAVCR2",0.0135714427242168,0,"LGALS9_HAVCR2","LGALS9 - HAVCR2","GALECTIN","Secreted Signaling","PMID: 27192565"
"B Cells","MTC_Prolif","LGALS9","HAVCR2",0.00762324561363425,0.98,"LGALS9_HAVCR2","LGALS9 - HAVCR2","GALECTIN","Secreted Signaling","PMID: 27192565"
"MONO","MTC_Prolif","LGALS9","HAVCR2",0.0117408807270827,0.08,"LGALS9_HAVCR2","LGALS9 - HAVCR2","GALECTIN","Secreted Signaling","PMID: 27192565"
"MTC_123","MTC_Prolif","LGALS9","HAVCR2",0.0115466791227252,0.14,"LGALS9_HAVCR2","LGALS9 - HAVCR2","GALECTIN","Secreted Signaling","PMID: 27192565"
"MTC_456","MTC_Prolif","LGALS9","HAVCR2",0.0126810694102076,0,"LGALS9_HAVCR2","LGALS9 - HAVCR2","GALECTIN","Secreted Signaling","PMID: 27192565"
"MTC_Prolif","MTC_Prolif","LGALS9","HAVCR2",0.0282007418309951,0,"LGALS9_HAVCR2","LGALS9 - HAVCR2","GALECTIN","Secreted Signaling","PMID: 27192565"
"NEUT","MTC_Prolif","LGALS9","HAVCR2",0.0123515868464864,0.01,"LGALS9_HAVCR2","LGALS9 - HAVCR2","GALECTIN","Secreted Signaling","PMID: 27192565"
"B Cells","B Cells","LGALS9","CD44",0.00340510173356739,0,"LGALS9_CD44","LGALS9 - CD44","GALECTIN","Secreted Signaling","PMID: 25065622"
"MONO","B Cells","LGALS9","CD44",0.00525640836773716,0,"LGALS9_CD44","LGALS9 - CD44","GALECTIN","Secreted Signaling","PMID: 25065622"
"MTC_123","B Cells","LGALS9","CD44",0.00516890305473201,0,"LGALS9_CD44","LGALS9 - CD44","GALECTIN","Secreted Signaling","PMID: 25065622"
"MTC_456","B Cells","LGALS9","CD44",0.00568031675917363,0,"LGALS9_CD44","LGALS9 - CD44","GALECTIN","Secreted Signaling","PMID: 25065622"
"MTC_Prolif","B Cells","LGALS9","CD44",0.0127427280082993,0,"LGALS9_CD44","LGALS9 - CD44","GALECTIN","Secreted Signaling","PMID: 25065622"
"NEUT","B Cells","LGALS9","CD44",0.00553171030198556,0,"LGALS9_CD44","LGALS9 - CD44","GALECTIN","Secreted Signaling","PMID: 25065622"
"B Cells","MONO","LGALS9","CD44",0.0119413321941882,0,"LGALS9_CD44","LGALS9 - CD44","GALECTIN","Secreted Signaling","PMID: 25065622"
"MONO","MONO","LGALS9","CD44",0.0183482234479139,0,"LGALS9_CD44","LGALS9 - CD44","GALECTIN","Secreted Signaling","PMID: 25065622"
"MTC_123","MONO","LGALS9","CD44",0.0180467279617867,0,"LGALS9_CD44","LGALS9 - CD44","GALECTIN","Secreted Signaling","PMID: 25065622"
"MTC_456","MONO","LGALS9","CD44",0.0198069118676964,0,"LGALS9_CD44","LGALS9 - CD44","GALECTIN","Secreted Signaling","PMID: 25065622"
"MTC_Prolif","MONO","LGALS9","CD44",0.0436618533666102,0,"LGALS9_CD44","LGALS9 - CD44","GALECTIN","Secreted Signaling","PMID: 25065622"
"NEUT","MONO","LGALS9","CD44",0.0192959024010722,0,"LGALS9_CD44","LGALS9 - CD44","GALECTIN","Secreted Signaling","PMID: 25065622"
"B Cells","NEUT","LGALS9","CD44",0.0128548263071566,0,"LGALS9_CD44","LGALS9 - CD44","GALECTIN","Secreted Signaling","PMID: 25065622"
"MONO","NEUT","LGALS9","CD44",0.0197420423287664,0,"LGALS9_CD44","LGALS9 - CD44","GALECTIN","Secreted Signaling","PMID: 25065622"
"MTC_123","NEUT","LGALS9","CD44",0.0194180968483842,0,"LGALS9_CD44","LGALS9 - CD44","GALECTIN","Secreted Signaling","PMID: 25065622"
"MTC_456","NEUT","LGALS9","CD44",0.0213091343259436,0,"LGALS9_CD44","LGALS9 - CD44","GALECTIN","Secreted Signaling","PMID: 25065622"
"MTC_Prolif","NEUT","LGALS9","CD44",0.0468867708787005,0,"LGALS9_CD44","LGALS9 - CD44","GALECTIN","Secreted Signaling","PMID: 25065622"
"NEUT","NEUT","LGALS9","CD44",0.0207601890461687,0,"LGALS9_CD44","LGALS9 - CD44","GALECTIN","Secreted Signaling","PMID: 25065622"
"B Cells","T Cells","LGALS9","CD44",0.00346040061229493,0,"LGALS9_CD44","LGALS9 - CD44","GALECTIN","Secreted Signaling","PMID: 25065622"
"MONO","T Cells","LGALS9","CD44",0.00534161133513916,0,"LGALS9_CD44","LGALS9 - CD44","GALECTIN","Secreted Signaling","PMID: 25065622"
"MTC_123","T Cells","LGALS9","CD44",0.00525269510762992,0,"LGALS9_CD44","LGALS9 - CD44","GALECTIN","Secreted Signaling","PMID: 25065622"
"MTC_456","T Cells","LGALS9","CD44",0.00577235113338844,0,"LGALS9_CD44","LGALS9 - CD44","GALECTIN","Secreted Signaling","PMID: 25065622"
"MTC_Prolif","T Cells","LGALS9","CD44",0.0129476998724294,0,"LGALS9_CD44","LGALS9 - CD44","GALECTIN","Secreted Signaling","PMID: 25065622"
"NEUT","T Cells","LGALS9","CD44",0.00562135051738958,0,"LGALS9_CD44","LGALS9 - CD44","GALECTIN","Secreted Signaling","PMID: 25065622"
"MTC_Prolif","B Cells","LGALS9","P4HB",0.007129706895914,0.02,"LGALS9_P4HB","LGALS9 - P4HB","GALECTIN","Secreted Signaling","PMID:21670307;uniprot"
"B Cells","MONO","LGALS9","P4HB",0.00638342065866408,0,"LGALS9_P4HB","LGALS9 - P4HB","GALECTIN","Secreted Signaling","PMID:21670307;uniprot"
"MONO","MONO","LGALS9","P4HB",0.00983801319036086,0,"LGALS9_P4HB","LGALS9 - P4HB","GALECTIN","Secreted Signaling","PMID:21670307;uniprot"
"MTC_123","MONO","LGALS9","P4HB",0.00967497808624656,0,"LGALS9_P4HB","LGALS9 - P4HB","GALECTIN","Secreted Signaling","PMID:21670307;uniprot"
"MTC_456","MONO","LGALS9","P4HB",0.0106274622848242,0,"LGALS9_P4HB","LGALS9 - P4HB","GALECTIN","Secreted Signaling","PMID:21670307;uniprot"
"MTC_Prolif","MONO","LGALS9","P4HB",0.0236941517648328,0,"LGALS9_P4HB","LGALS9 - P4HB","GALECTIN","Secreted Signaling","PMID:21670307;uniprot"
"NEUT","MONO","LGALS9","P4HB",0.0103507776470073,0,"LGALS9_P4HB","LGALS9 - P4HB","GALECTIN","Secreted Signaling","PMID:21670307;uniprot"
"MTC_Prolif","MTC_123","LGALS9","P4HB",0.00635527828448354,0,"LGALS9_P4HB","LGALS9 - P4HB","GALECTIN","Secreted Signaling","PMID:21670307;uniprot"
"B Cells","MTC_456","LGALS9","P4HB",0.00836473815572313,0,"LGALS9_P4HB","LGALS9 - P4HB","GALECTIN","Secreted Signaling","PMID:21670307;uniprot"
"MONO","MTC_456","LGALS9","P4HB",0.0128776872530948,0,"LGALS9_P4HB","LGALS9 - P4HB","GALECTIN","Secreted Signaling","PMID:21670307;uniprot"
"MTC_123","MTC_456","LGALS9","P4HB",0.0126649231228305,0,"LGALS9_P4HB","LGALS9 - P4HB","GALECTIN","Secreted Signaling","PMID:21670307;uniprot"
"MTC_456","MTC_456","LGALS9","P4HB",0.0139076282647651,0,"LGALS9_P4HB","LGALS9 - P4HB","GALECTIN","Secreted Signaling","PMID:21670307;uniprot"
"MTC_Prolif","MTC_456","LGALS9","P4HB",0.0308814673256345,0,"LGALS9_P4HB","LGALS9 - P4HB","GALECTIN","Secreted Signaling","PMID:21670307;uniprot"
"NEUT","MTC_456","LGALS9","P4HB",0.0135467142186584,0,"LGALS9_P4HB","LGALS9 - P4HB","GALECTIN","Secreted Signaling","PMID:21670307;uniprot"
"B Cells","MTC_Prolif","LGALS9","P4HB",0.00755844225647159,0.06,"LGALS9_P4HB","LGALS9 - P4HB","GALECTIN","Secreted Signaling","PMID:21670307;uniprot"
"MONO","MTC_Prolif","LGALS9","P4HB",0.0116414849724424,0,"LGALS9_P4HB","LGALS9 - P4HB","GALECTIN","Secreted Signaling","PMID:21670307;uniprot"
"MTC_123","MTC_Prolif","LGALS9","P4HB",0.0114489083904137,0,"LGALS9_P4HB","LGALS9 - P4HB","GALECTIN","Secreted Signaling","PMID:21670307;uniprot"
"MTC_456","MTC_Prolif","LGALS9","P4HB",0.0125738154911477,0,"LGALS9_P4HB","LGALS9 - P4HB","GALECTIN","Secreted Signaling","PMID:21670307;uniprot"
"MTC_Prolif","MTC_Prolif","LGALS9","P4HB",0.0279659436841482,0,"LGALS9_P4HB","LGALS9 - P4HB","GALECTIN","Secreted Signaling","PMID:21670307;uniprot"
"NEUT","MTC_Prolif","LGALS9","P4HB",0.0122470850570165,0,"LGALS9_P4HB","LGALS9 - P4HB","GALECTIN","Secreted Signaling","PMID:21670307;uniprot"
"MTC_Prolif","NEUT","LGALS9","P4HB",0.00947440485730505,0,"LGALS9_P4HB","LGALS9 - P4HB","GALECTIN","Secreted Signaling","PMID:21670307;uniprot"
"NEUT","NEUT","LGALS9","P4HB",0.00410521692365695,0.99,"LGALS9_P4HB","LGALS9 - P4HB","GALECTIN","Secreted Signaling","PMID:21670307;uniprot"
"MTC_456","T Cells","LGALS9","P4HB",0.00451715001578085,0.97,"LGALS9_P4HB","LGALS9 - P4HB","GALECTIN","Secreted Signaling","PMID:21670307;uniprot"
"MTC_Prolif","T Cells","LGALS9","P4HB",0.0101481408997404,0,"LGALS9_P4HB","LGALS9 - P4HB","GALECTIN","Secreted Signaling","PMID:21670307;uniprot"
"NEUT","T Cells","LGALS9","P4HB",0.00439883929649747,0.94,"LGALS9_P4HB","LGALS9 - P4HB","GALECTIN","Secreted Signaling","PMID:21670307;uniprot"
"B Cells","MONO","PPIA","BSG",0.0194960051542879,0,"PPIA_BSG","PPIA - BSG","CypA","Secreted Signaling","PMID: 36012604"
"MONO","MONO","PPIA","BSG",0.0235448036062397,0,"PPIA_BSG","PPIA - BSG","CypA","Secreted Signaling","PMID: 36012604"
"MTC_123","MONO","PPIA","BSG",0.0168459929796059,0,"PPIA_BSG","PPIA - BSG","CypA","Secreted Signaling","PMID: 36012604"
"MTC_456","MONO","PPIA","BSG",0.0232214683507482,0,"PPIA_BSG","PPIA - BSG","CypA","Secreted Signaling","PMID: 36012604"
"MTC_Prolif","MONO","PPIA","BSG",0.0287027993571801,0,"PPIA_BSG","PPIA - BSG","CypA","Secreted Signaling","PMID: 36012604"
"NEUT","MONO","PPIA","BSG",0.0220024803258987,0,"PPIA_BSG","PPIA - BSG","CypA","Secreted Signaling","PMID: 36012604"
"T Cells","MONO","PPIA","BSG",0.01987895008103,0,"PPIA_BSG","PPIA - BSG","CypA","Secreted Signaling","PMID: 36012604"
"B Cells","MTC_456","PPIA","BSG",0.0158048419598752,0.01,"PPIA_BSG","PPIA - BSG","CypA","Secreted Signaling","PMID: 36012604"
"MONO","MTC_456","PPIA","BSG",0.0191020185266203,0,"PPIA_BSG","PPIA - BSG","CypA","Secreted Signaling","PMID: 36012604"
"MTC_123","MTC_456","PPIA","BSG",0.0136495699923835,0.04,"PPIA_BSG","PPIA - BSG","CypA","Secreted Signaling","PMID: 36012604"
"MTC_456","MTC_456","PPIA","BSG",0.0188385179100106,0,"PPIA_BSG","PPIA - BSG","CypA","Secreted Signaling","PMID: 36012604"
"MTC_Prolif","MTC_456","PPIA","BSG",0.0233099609731502,0,"PPIA_BSG","PPIA - BSG","CypA","Secreted Signaling","PMID: 36012604"
"NEUT","MTC_456","PPIA","BSG",0.0178454050784955,0,"PPIA_BSG","PPIA - BSG","CypA","Secreted Signaling","PMID: 36012604"
"T Cells","MTC_456","PPIA","BSG",0.016116475948501,0,"PPIA_BSG","PPIA - BSG","CypA","Secreted Signaling","PMID: 36012604"
"B Cells","MTC_Prolif","PPIA","BSG",0.0335257927972644,0,"PPIA_BSG","PPIA - BSG","CypA","Secreted Signaling","PMID: 36012604"
"MONO","MTC_Prolif","PPIA","BSG",0.0403682465832775,0,"PPIA_BSG","PPIA - BSG","CypA","Secreted Signaling","PMID: 36012604"
"MTC_123","MTC_Prolif","PPIA","BSG",0.0290252210407718,0,"PPIA_BSG","PPIA - BSG","CypA","Secreted Signaling","PMID: 36012604"
"MTC_456","MTC_Prolif","PPIA","BSG",0.0398233012575583,0,"PPIA_BSG","PPIA - BSG","CypA","Secreted Signaling","PMID: 36012604"
"MTC_Prolif","MTC_Prolif","PPIA","BSG",0.0490267327105898,0,"PPIA_BSG","PPIA - BSG","CypA","Secreted Signaling","PMID: 36012604"
"NEUT","MTC_Prolif","PPIA","BSG",0.0377665122887068,0,"PPIA_BSG","PPIA - BSG","CypA","Secreted Signaling","PMID: 36012604"
"T Cells","MTC_Prolif","PPIA","BSG",0.0341747089773183,0,"PPIA_BSG","PPIA - BSG","CypA","Secreted Signaling","PMID: 36012604"
"B Cells","NEUT","PPIA","BSG",0.0172879923233419,0,"PPIA_BSG","PPIA - BSG","CypA","Secreted Signaling","PMID: 36012604"
"MONO","NEUT","PPIA","BSG",0.0208880141542224,0,"PPIA_BSG","PPIA - BSG","CypA","Secreted Signaling","PMID: 36012604"
"MTC_123","NEUT","PPIA","BSG",0.0149335352325622,0.01,"PPIA_BSG","PPIA - BSG","CypA","Secreted Signaling","PMID: 36012604"
"MTC_456","NEUT","PPIA","BSG",0.0206003942341304,0,"PPIA_BSG","PPIA - BSG","CypA","Secreted Signaling","PMID: 36012604"
"MTC_Prolif","NEUT","PPIA","BSG",0.0254791701602827,0,"PPIA_BSG","PPIA - BSG","CypA","Secreted Signaling","PMID: 36012604"
"NEUT","NEUT","PPIA","BSG",0.019516247811851,0,"PPIA_BSG","PPIA - BSG","CypA","Secreted Signaling","PMID: 36012604"
"T Cells","NEUT","PPIA","BSG",0.0176283467128849,0,"PPIA_BSG","PPIA - BSG","CypA","Secreted Signaling","PMID: 36012604"
"B Cells","T Cells","PPIA","BSG",0.0177674462421707,0,"PPIA_BSG","PPIA - BSG","CypA","Secreted Signaling","PMID: 36012604"
"MONO","T Cells","PPIA","BSG",0.0214651279395843,0,"PPIA_BSG","PPIA - BSG","CypA","Secreted Signaling","PMID: 36012604"
"MTC_123","T Cells","PPIA","BSG",0.015348712027767,0,"PPIA_BSG","PPIA - BSG","CypA","Secreted Signaling","PMID: 36012604"
"MTC_456","T Cells","PPIA","BSG",0.0211697332017176,0,"PPIA_BSG","PPIA - BSG","CypA","Secreted Signaling","PMID: 36012604"
"MTC_Prolif","T Cells","PPIA","BSG",0.0261797410256896,0,"PPIA_BSG","PPIA - BSG","CypA","Secreted Signaling","PMID: 36012604"
"NEUT","T Cells","PPIA","BSG",0.0200562374980788,0,"PPIA_BSG","PPIA - BSG","CypA","Secreted Signaling","PMID: 36012604"
"T Cells","T Cells","PPIA","BSG",0.0181170657802307,0,"PPIA_BSG","PPIA - BSG","CypA","Secreted Signaling","PMID: 36012604"
"MONO","NEUT","FN1","ITGA4_ITGB1",0.005133224591811,0,"FN1_ITGA4_ITGB1","FN1 - (ITGA4+ITGB1)","FN1","ECM-Receptor","KEGG: hsa04512"
"MONO","T Cells","FN1","ITGA4_ITGB1",0.00386144058586555,0,"FN1_ITGA4_ITGB1","FN1 - (ITGA4+ITGB1)","FN1","ECM-Receptor","KEGG: hsa04512"
"MONO","MTC_Prolif","FN1","ITGAV_ITGB1",0.0036229817191693,0,"FN1_ITGAV_ITGB1","FN1 - (ITGAV+ITGB1)","FN1","ECM-Receptor","KEGG: hsa04512"
"MONO","B Cells","FN1","CD44",0.00492119181960125,0,"FN1_CD44","FN1 - CD44","FN1","ECM-Receptor","KEGG: hsa04512"
"MONO","MONO","FN1","CD44",0.0171925334837105,0,"FN1_CD44","FN1 - CD44","FN1","ECM-Receptor","KEGG: hsa04512"
"MONO","NEUT","FN1","CD44",0.0185002151466002,0,"FN1_CD44","FN1 - CD44","FN1","ECM-Receptor","KEGG: hsa04512"
"MONO","T Cells","FN1","CD44",0.0050009884615408,0,"FN1_CD44","FN1 - CD44","FN1","ECM-Receptor","KEGG: hsa04512"
"MONO","MONO","THBS1","CD36",0.00485222919202554,0,"THBS1_CD36","THBS1 - CD36","THBS","ECM-Receptor","KEGG: hsa04512"
"NEUT","MONO","THBS1","CD36",0.00559429985803123,0,"THBS1_CD36","THBS1 - CD36","THBS","ECM-Receptor","KEGG: hsa04512"
"MONO","NEUT","THBS1","CD36",0.00553938438079214,0,"THBS1_CD36","THBS1 - CD36","THBS","ECM-Receptor","KEGG: hsa04512"
"NEUT","NEUT","THBS1","CD36",0.00638587005752804,0,"THBS1_CD36","THBS1 - CD36","THBS","ECM-Receptor","KEGG: hsa04512"
"MONO","B Cells","THBS1","CD47",0.00533794723140547,0,"THBS1_CD47","THBS1 - CD47","THBS","ECM-Receptor","KEGG: hsa04512"
"NEUT","B Cells","THBS1","CD47",0.0061538413313308,0,"THBS1_CD47","THBS1 - CD47","THBS","ECM-Receptor","KEGG: hsa04512"
"MONO","MONO","THBS1","CD47",0.00363548428700566,0,"THBS1_CD47","THBS1 - CD47","THBS","ECM-Receptor","KEGG: hsa04512"
"NEUT","MONO","THBS1","CD47",0.00419225723187168,0,"THBS1_CD47","THBS1 - CD47","THBS","ECM-Receptor","KEGG: hsa04512"
"MONO","MTC_Prolif","THBS1","CD47",0.00295124535247995,0,"THBS1_CD47","THBS1 - CD47","THBS","ECM-Receptor","KEGG: hsa04512"
"NEUT","MTC_Prolif","THBS1","CD47",0.00340358534809312,0,"THBS1_CD47","THBS1 - CD47","THBS","ECM-Receptor","KEGG: hsa04512"
"MONO","NEUT","THBS1","CD47",0.0037578441140367,0,"THBS1_CD47","THBS1 - CD47","THBS","ECM-Receptor","KEGG: hsa04512"
"NEUT","NEUT","THBS1","CD47",0.00433327491773422,0,"THBS1_CD47","THBS1 - CD47","THBS","ECM-Receptor","KEGG: hsa04512"
"MONO","T Cells","THBS1","CD47",0.00550180527773384,0,"THBS1_CD47","THBS1 - CD47","THBS","ECM-Receptor","KEGG: hsa04512"
"NEUT","T Cells","THBS1","CD47",0.00634258503342468,0,"THBS1_CD47","THBS1 - CD47","THBS","ECM-Receptor","KEGG: hsa04512"
"MTC_123","NEUT","LXA4-ALOX5","FPR2",0.00423096898057705,0,"LipoxinA4-ALOX5_FPR-RS7","LXA4-ALOX5 - FPR2","LXA4","Non-protein Signaling","PMID: 33082511"
"MTC_456","NEUT","LXA4-ALOX5","FPR2",0.00327048274904097,0,"LipoxinA4-ALOX5_FPR-RS7","LXA4-ALOX5 - FPR2","LXA4","Non-protein Signaling","PMID: 33082511"
"MTC_Prolif","NEUT","LXA4-ALOX5","FPR2",0.00428084100706688,0,"LipoxinA4-ALOX5_FPR-RS7","LXA4-ALOX5 - FPR2","LXA4","Non-protein Signaling","PMID: 33082511"
"B Cells","NEUT","PGE2-PTGES3","PTGER2",0.00746412569570934,0,"PGE2-PTGES3_PTGER2","PGE2-PTGES3 - PTGER2","Prostaglandin","Non-protein Signaling","PMID: 34949672;PMID: 21508345"
"MONO","NEUT","PGE2-PTGES3","PTGER2",0.00614536569020552,0,"PGE2-PTGES3_PTGER2","PGE2-PTGES3 - PTGER2","Prostaglandin","Non-protein Signaling","PMID: 34949672;PMID: 21508345"
"MTC_123","NEUT","PGE2-PTGES3","PTGER2",0.00549096931059369,0,"PGE2-PTGES3_PTGER2","PGE2-PTGES3 - PTGER2","Prostaglandin","Non-protein Signaling","PMID: 34949672;PMID: 21508345"
"MTC_456","NEUT","PGE2-PTGES3","PTGER2",0.00663438446841523,0,"PGE2-PTGES3_PTGER2","PGE2-PTGES3 - PTGER2","Prostaglandin","Non-protein Signaling","PMID: 34949672;PMID: 21508345"
"MTC_Prolif","NEUT","PGE2-PTGES3","PTGER2",0.00952913381040744,0,"PGE2-PTGES3_PTGER2","PGE2-PTGES3 - PTGER2","Prostaglandin","Non-protein Signaling","PMID: 34949672;PMID: 21508345"
"NEUT","NEUT","PGE2-PTGES3","PTGER2",0.00635238177205,0,"PGE2-PTGES3_PTGER2","PGE2-PTGES3 - PTGER2","Prostaglandin","Non-protein Signaling","PMID: 34949672;PMID: 21508345"
"T Cells","NEUT","PGE2-PTGES3","PTGER2",0.00612240234992514,0,"PGE2-PTGES3_PTGER2","PGE2-PTGES3 - PTGER2","Prostaglandin","Non-protein Signaling","PMID: 34949672;PMID: 21508345"
"B Cells","T Cells","PGE2-PTGES3","PTGER4",0.0162612235003351,0,"PGE2-PTGES3_PTGER4","PGE2-PTGES3 - PTGER4","Prostaglandin","Non-protein Signaling","PMID: 34949672;PMID: 21508345"
"MONO","T Cells","PGE2-PTGES3","PTGER4",0.0134091925131918,0,"PGE2-PTGES3_PTGER4","PGE2-PTGES3 - PTGER4","Prostaglandin","Non-protein Signaling","PMID: 34949672;PMID: 21508345"
"MTC_123","T Cells","PGE2-PTGES3","PTGER4",0.0119906311917865,0,"PGE2-PTGES3_PTGER4","PGE2-PTGES3 - PTGER4","Prostaglandin","Non-protein Signaling","PMID: 34949672;PMID: 21508345"
"MTC_456","T Cells","PGE2-PTGES3","PTGER4",0.0144678174459319,0,"PGE2-PTGES3_PTGER4","PGE2-PTGES3 - PTGER4","Prostaglandin","Non-protein Signaling","PMID: 34949672;PMID: 21508345"
"MTC_Prolif","T Cells","PGE2-PTGES3","PTGER4",0.0207092359094665,0,"PGE2-PTGES3_PTGER4","PGE2-PTGES3 - PTGER4","Prostaglandin","Non-protein Signaling","PMID: 34949672;PMID: 21508345"
"NEUT","T Cells","PGE2-PTGES3","PTGER4",0.0138574899581596,0,"PGE2-PTGES3_PTGER4","PGE2-PTGES3 - PTGER4","Prostaglandin","Non-protein Signaling","PMID: 34949672;PMID: 21508345"
"T Cells","T Cells","PGE2-PTGES3","PTGER4",0.0133594513411387,0,"PGE2-PTGES3_PTGER4","PGE2-PTGES3 - PTGER4","Prostaglandin","Non-protein Signaling","PMID: 34949672;PMID: 21508345"
"MONO","T Cells","Cholesterol-LIPA","RORA",0.00397788242017796,0,"Cholesterol-Cholesterol-LIPA_RORA","CHOLESTEROL-LIPA - RORA","Cholesterol","Non-protein Signaling","HMRbase;PMID:12467577;PDB:1N83"
"MTC_123","T Cells","Cholesterol-LIPA","RORA",0.00447924978583669,0,"Cholesterol-Cholesterol-LIPA_RORA","CHOLESTEROL-LIPA - RORA","Cholesterol","Non-protein Signaling","HMRbase;PMID:12467577;PDB:1N83"
"MTC_456","T Cells","Cholesterol-LIPA","RORA",0.0130163362792771,0,"Cholesterol-Cholesterol-LIPA_RORA","CHOLESTEROL-LIPA - RORA","Cholesterol","Non-protein Signaling","HMRbase;PMID:12467577;PDB:1N83"
"MTC_Prolif","T Cells","Cholesterol-LIPA","RORA",0.00818834508721804,0,"Cholesterol-Cholesterol-LIPA_RORA","CHOLESTEROL-LIPA - RORA","Cholesterol","Non-protein Signaling","HMRbase;PMID:12467577;PDB:1N83"
"NEUT","T Cells","Cholesterol-LIPA","RORA",0.00359677416221228,0,"Cholesterol-Cholesterol-LIPA_RORA","CHOLESTEROL-LIPA - RORA","Cholesterol","Non-protein Signaling","HMRbase;PMID:12467577;PDB:1N83"
"MONO","B Cells","APP","CD74",0.020444192639057,0,"APP_CD74","APP - CD74","APP","Cell-Cell Contact","PMID: 19849849"
"MONO","MONO","APP","CD74",0.012465675918939,0,"APP_CD74","APP - CD74","APP","Cell-Cell Contact","PMID: 19849849"
"MONO","MTC_123","APP","CD74",0.0196462785251184,0,"APP_CD74","APP - CD74","APP","Cell-Cell Contact","PMID: 19849849"
"MONO","MTC_456","APP","CD74",0.0189342284498371,0,"APP_CD74","APP - CD74","APP","Cell-Cell Contact","PMID: 19849849"
"MONO","MTC_Prolif","APP","CD74",0.018157884624215,0,"APP_CD74","APP - CD74","APP","Cell-Cell Contact","PMID: 19849849"
"MONO","NEUT","APP","CD74",0.0135100065492379,0,"APP_CD74","APP - CD74","APP","Cell-Cell Contact","PMID: 19849849"
"MONO","T Cells","APP","CD74",0.00830509017487434,0,"APP_CD74","APP - CD74","APP","Cell-Cell Contact","PMID: 19849849"
"MTC_123","MTC_123","ENTPD1","TMIGD3",0.0169894203075413,0,"ENTPD1_TMIGD3","ENTPD1 - TMIGD3","CD39","Cell-Cell Contact","PMID: 21677139"
"MTC_Prolif","MTC_123","ENTPD1","TMIGD3",0.0136136110603461,0.21,"ENTPD1_TMIGD3","ENTPD1 - TMIGD3","CD39","Cell-Cell Contact","PMID: 21677139"
"MTC_123","MTC_456","ENTPD1","TMIGD3",0.0178995668981455,0,"ENTPD1_TMIGD3","ENTPD1 - TMIGD3","CD39","Cell-Cell Contact","PMID: 21677139"
"MTC_456","MTC_456","ENTPD1","TMIGD3",0.0132690858153579,0.35,"ENTPD1_TMIGD3","ENTPD1 - TMIGD3","CD39","Cell-Cell Contact","PMID: 21677139"
"MTC_Prolif","MTC_456","ENTPD1","TMIGD3",0.0143455500951419,0.07,"ENTPD1_TMIGD3","ENTPD1 - TMIGD3","CD39","Cell-Cell Contact","PMID: 21677139"
"MTC_123","MTC_Prolif","ENTPD1","TMIGD3",0.0186979634137756,0,"ENTPD1_TMIGD3","ENTPD1 - TMIGD3","CD39","Cell-Cell Contact","PMID: 21677139"
"MTC_456","MTC_Prolif","ENTPD1","TMIGD3",0.0138638588743893,0.05,"ENTPD1_TMIGD3","ENTPD1 - TMIGD3","CD39","Cell-Cell Contact","PMID: 21677139"
"MTC_Prolif","MTC_Prolif","ENTPD1","TMIGD3",0.0149878416437035,0.01,"ENTPD1_TMIGD3","ENTPD1 - TMIGD3","CD39","Cell-Cell Contact","PMID: 21677139"
"B Cells","B Cells","PTPRC","CD22",0.01788621423274,0,"PTPRC_CD22","PTPRC - CD22","CD45","Cell-Cell Contact","PMID: 12115612"
"MONO","B Cells","PTPRC","CD22",0.0157723110687815,0,"PTPRC_CD22","PTPRC - CD22","CD45","Cell-Cell Contact","PMID: 12115612"
"MTC_123","B Cells","PTPRC","CD22",0.0186539595038592,0,"PTPRC_CD22","PTPRC - CD22","CD45","Cell-Cell Contact","PMID: 12115612"
"MTC_456","B Cells","PTPRC","CD22",0.0159398758866073,0,"PTPRC_CD22","PTPRC - CD22","CD45","Cell-Cell Contact","PMID: 12115612"
"MTC_Prolif","B Cells","PTPRC","CD22",0.017016125622809,0,"PTPRC_CD22","PTPRC - CD22","CD45","Cell-Cell Contact","PMID: 12115612"
"NEUT","B Cells","PTPRC","CD22",0.0255295559182613,0,"PTPRC_CD22","PTPRC - CD22","CD45","Cell-Cell Contact","PMID: 12115612"
"T Cells","B Cells","PTPRC","CD22",0.0296588741227421,0,"PTPRC_CD22","PTPRC - CD22","CD45","Cell-Cell Contact","PMID: 12115612"
"B Cells","MTC_123","PTPRC","MRC1",0.0159084222995795,0,"PTPRC_MRC1","PTPRC - MRC1","CD45","Cell-Cell Contact","PMID: 27601670; PMID: 10575006"
"MONO","MTC_123","PTPRC","MRC1",0.0140249287917781,0,"PTPRC_MRC1","PTPRC - MRC1","CD45","Cell-Cell Contact","PMID: 27601670; PMID: 10575006"
"MTC_123","MTC_123","PTPRC","MRC1",0.0165927073987333,0,"PTPRC_MRC1","PTPRC - MRC1","CD45","Cell-Cell Contact","PMID: 27601670; PMID: 10575006"
"MTC_456","MTC_123","PTPRC","MRC1",0.0141741967929531,0,"PTPRC_MRC1","PTPRC - MRC1","CD45","Cell-Cell Contact","PMID: 27601670; PMID: 10575006"
"MTC_Prolif","MTC_123","PTPRC","MRC1",0.0151330624089428,0,"PTPRC_MRC1","PTPRC - MRC1","CD45","Cell-Cell Contact","PMID: 27601670; PMID: 10575006"
"NEUT","MTC_123","PTPRC","MRC1",0.0227261486365035,0,"PTPRC_MRC1","PTPRC - MRC1","CD45","Cell-Cell Contact","PMID: 27601670; PMID: 10575006"
"T Cells","MTC_123","PTPRC","MRC1",0.0264143164528562,0,"PTPRC_MRC1","PTPRC - MRC1","CD45","Cell-Cell Contact","PMID: 27601670; PMID: 10575006"
"MTC_456","MONO","CD99","PILRA",0.0102065873345023,0,"CD99_PILRA","CD99 - PILRA","CD99","Cell-Cell Contact","PMID: 18234675"
"MTC_Prolif","MONO","CD99","PILRA",0.0144851244538782,0,"CD99_PILRA","CD99 - PILRA","CD99","Cell-Cell Contact","PMID: 18234675"
"T Cells","MONO","CD99","PILRA",0.0119183800603813,0,"CD99_PILRA","CD99 - PILRA","CD99","Cell-Cell Contact","PMID: 18234675"
"MTC_123","MTC_123","CD99","PILRA",0.00913083675438782,0.28,"CD99_PILRA","CD99 - PILRA","CD99","Cell-Cell Contact","PMID: 18234675"
"MTC_456","MTC_123","CD99","PILRA",0.0111433040822337,0,"CD99_PILRA","CD99 - PILRA","CD99","Cell-Cell Contact","PMID: 18234675"
"MTC_Prolif","MTC_123","CD99","PILRA",0.015808235599829,0,"CD99_PILRA","CD99 - PILRA","CD99","Cell-Cell Contact","PMID: 18234675"
"T Cells","MTC_123","CD99","PILRA",0.0130101328111759,0,"CD99_PILRA","CD99 - PILRA","CD99","Cell-Cell Contact","PMID: 18234675"
"MTC_456","MTC_456","CD99","PILRA",0.00924499301920667,0,"CD99_PILRA","CD99 - PILRA","CD99","Cell-Cell Contact","PMID: 18234675"
"MTC_Prolif","MTC_456","CD99","PILRA",0.0131257813452436,0,"CD99_PILRA","CD99 - PILRA","CD99","Cell-Cell Contact","PMID: 18234675"
"T Cells","MTC_456","CD99","PILRA",0.0107972716999555,0,"CD99_PILRA","CD99 - PILRA","CD99","Cell-Cell Contact","PMID: 18234675"
"MTC_456","MTC_Prolif","CD99","PILRA",0.00785306938930274,0.97,"CD99_PILRA","CD99 - PILRA","CD99","Cell-Cell Contact","PMID: 18234675"
"MTC_Prolif","MTC_Prolif","CD99","PILRA",0.0111561465372608,0.01,"CD99_PILRA","CD99 - PILRA","CD99","Cell-Cell Contact","PMID: 18234675"
"T Cells","MTC_Prolif","CD99","PILRA",0.00917380143634975,0.34,"CD99_PILRA","CD99 - PILRA","CD99","Cell-Cell Contact","PMID: 18234675"
"B Cells","NEUT","CD99","PILRA",0.0105803456288138,0,"CD99_PILRA","CD99 - PILRA","CD99","Cell-Cell Contact","PMID: 18234675"
"MONO","NEUT","CD99","PILRA",0.0205756991288394,0,"CD99_PILRA","CD99 - PILRA","CD99","Cell-Cell Contact","PMID: 18234675"
"MTC_123","NEUT","CD99","PILRA",0.0221344841687865,0,"CD99_PILRA","CD99 - PILRA","CD99","Cell-Cell Contact","PMID: 18234675"
"MTC_456","NEUT","CD99","PILRA",0.0269350907715974,0,"CD99_PILRA","CD99 - PILRA","CD99","Cell-Cell Contact","PMID: 18234675"
"MTC_Prolif","NEUT","CD99","PILRA",0.0379571922391145,0,"CD99_PILRA","CD99 - PILRA","CD99","Cell-Cell Contact","PMID: 18234675"
"NEUT","NEUT","CD99","PILRA",0.00898378972103926,0.55,"CD99_PILRA","CD99 - PILRA","CD99","Cell-Cell Contact","PMID: 18234675"
"T Cells","NEUT","CD99","PILRA",0.0313635946649821,0,"CD99_PILRA","CD99 - PILRA","CD99","Cell-Cell Contact","PMID: 18234675"
"MTC_Prolif","MONO","CD99","CD99",0.0422593184973513,0,"CD99_CD99","CD99 - CD99","CD99","Cell-Cell Contact","KEGG: hsa04514"
"T Cells","MONO","CD99","CD99",0.0349455386712686,0.03,"CD99_CD99","CD99 - CD99","CD99","Cell-Cell Contact","KEGG: hsa04514"
"MTC_Prolif","MTC_123","CD99","CD99",0.045384702435153,0,"CD99_CD99","CD99 - CD99","CD99","Cell-Cell Contact","KEGG: hsa04514"
"T Cells","MTC_123","CD99","CD99",0.0375512233621626,0,"CD99_CD99","CD99 - CD99","CD99","Cell-Cell Contact","KEGG: hsa04514"
"MTC_456","MTC_456","CD99","CD99",0.0391905775755264,0,"CD99_CD99","CD99 - CD99","CD99","Cell-Cell Contact","KEGG: hsa04514"
"MTC_Prolif","MTC_456","CD99","CD99",0.0549445656327154,0,"CD99_CD99","CD99 - CD99","CD99","Cell-Cell Contact","KEGG: hsa04514"
"T Cells","MTC_456","CD99","CD99",0.045539752739429,0,"CD99_CD99","CD99 - CD99","CD99","Cell-Cell Contact","KEGG: hsa04514"
"MONO","MTC_Prolif","CD99","CD99",0.0422593184973513,0,"CD99_CD99","CD99 - CD99","CD99","Cell-Cell Contact","KEGG: hsa04514"
"MTC_123","MTC_Prolif","CD99","CD99",0.045384702435153,0,"CD99_CD99","CD99 - CD99","CD99","Cell-Cell Contact","KEGG: hsa04514"
"MTC_456","MTC_Prolif","CD99","CD99",0.0549445656327154,0,"CD99_CD99","CD99 - CD99","CD99","Cell-Cell Contact","KEGG: hsa04514"
"MTC_Prolif","MTC_Prolif","CD99","CD99",0.0765270039789195,0,"CD99_CD99","CD99 - CD99","CD99","Cell-Cell Contact","KEGG: hsa04514"
"T Cells","MTC_Prolif","CD99","CD99",0.0636768586708565,0,"CD99_CD99","CD99 - CD99","CD99","Cell-Cell Contact","KEGG: hsa04514"
"MONO","T Cells","CD99","CD99",0.0349455386712686,0.03,"CD99_CD99","CD99 - CD99","CD99","Cell-Cell Contact","KEGG: hsa04514"
"MTC_123","T Cells","CD99","CD99",0.0375512233621626,0,"CD99_CD99","CD99 - CD99","CD99","Cell-Cell Contact","KEGG: hsa04514"
"MTC_456","T Cells","CD99","CD99",0.045539752739429,0,"CD99_CD99","CD99 - CD99","CD99","Cell-Cell Contact","KEGG: hsa04514"
"MTC_Prolif","T Cells","CD99","CD99",0.0636768586708565,0,"CD99_CD99","CD99 - CD99","CD99","Cell-Cell Contact","KEGG: hsa04514"
"T Cells","T Cells","CD99","CD99",0.0528609517095884,0,"CD99_CD99","CD99 - CD99","CD99","Cell-Cell Contact","KEGG: hsa04514"
"B Cells","T Cells","CLEC2D","KLRB1",0.00994407437276944,0,"CLEC2D_KLRB1","CLEC2D - KLRB1","CLEC","Cell-Cell Contact","PMID: 24223577"
"T Cells","T Cells","CLEC2D","KLRB1",0.0107121716729889,0,"CLEC2D_KLRB1","CLEC2D - KLRB1","CLEC","Cell-Cell Contact","PMID: 24223577"
"B Cells","T Cells","CLEC2B","KLRB1",0.00912884985682919,0,"CLEC2B_KLRB1","CLEC2B - KLRB1","CLEC","Cell-Cell Contact","PMID: 24223577"
"MONO","T Cells","CLEC2B","KLRB1",0.00681739493195364,0,"CLEC2B_KLRB1","CLEC2B - KLRB1","CLEC","Cell-Cell Contact","PMID: 24223577"
"MTC_Prolif","T Cells","CLEC2B","KLRB1",0.00723798417583503,0,"CLEC2B_KLRB1","CLEC2B - KLRB1","CLEC","Cell-Cell Contact","PMID: 24223577"
"NEUT","T Cells","CLEC2B","KLRB1",0.00816629125129699,0,"CLEC2B_KLRB1","CLEC2B - KLRB1","CLEC","Cell-Cell Contact","PMID: 24223577"
"T Cells","T Cells","CLEC2B","KLRB1",0.0116471860792878,0,"CLEC2B_KLRB1","CLEC2B - KLRB1","CLEC","Cell-Cell Contact","PMID: 24223577"
"B Cells","T Cells","CD69","KLRB1",0.0449418981714875,0,"CLEC2C_KLRB1","CLEC2C - KLRB1","CLEC","Cell-Cell Contact","PMID: 24223577"
"MTC_456","T Cells","CD69","KLRB1",0.00533405413435926,0,"CLEC2C_KLRB1","CLEC2C - KLRB1","CLEC","Cell-Cell Contact","PMID: 24223577"
"MTC_Prolif","T Cells","CD69","KLRB1",0.0036768777544495,0,"CLEC2C_KLRB1","CLEC2C - KLRB1","CLEC","Cell-Cell Contact","PMID: 24223577"
"T Cells","T Cells","CD69","KLRB1",0.043946748271587,0,"CLEC2C_KLRB1","CLEC2C - KLRB1","CLEC","Cell-Cell Contact","PMID: 24223577"
"MTC_Prolif","MONO","HLA-F","LILRB1",0.000976742684958511,0,"HLA-F_LILRB1","HLA-F - LILRB1","MHC-I","Cell-Cell Contact","PMID: 28484462"
"NEUT","MONO","HLA-F","LILRB1",0.00210546358930475,0,"HLA-F_LILRB1","HLA-F - LILRB1","MHC-I","Cell-Cell Contact","PMID: 28484462"
"T Cells","MONO","HLA-F","LILRB1",0.00345426412585899,0,"HLA-F_LILRB1","HLA-F - LILRB1","MHC-I","Cell-Cell Contact","PMID: 28484462"
"MTC_Prolif","MTC_123","HLA-F","LILRB1",0.00108603343563994,0,"HLA-F_LILRB1","HLA-F - LILRB1","MHC-I","Cell-Cell Contact","PMID: 28484462"
"NEUT","MTC_123","HLA-F","LILRB1",0.0023407544851313,0,"HLA-F_LILRB1","HLA-F - LILRB1","MHC-I","Cell-Cell Contact","PMID: 28484462"
"T Cells","MTC_123","HLA-F","LILRB1",0.00383970691498718,0,"HLA-F_LILRB1","HLA-F - LILRB1","MHC-I","Cell-Cell Contact","PMID: 28484462"
"MTC_Prolif","MTC_456","HLA-F","LILRB1",0.00118159248600069,0,"HLA-F_LILRB1","HLA-F - LILRB1","MHC-I","Cell-Cell Contact","PMID: 28484462"
"NEUT","MTC_456","HLA-F","LILRB1",0.00254643381245157,0,"HLA-F_LILRB1","HLA-F - LILRB1","MHC-I","Cell-Cell Contact","PMID: 28484462"
"T Cells","MTC_456","HLA-F","LILRB1",0.00417654603048871,0,"HLA-F_LILRB1","HLA-F - LILRB1","MHC-I","Cell-Cell Contact","PMID: 28484462"
"MTC_Prolif","MTC_Prolif","HLA-F","LILRB1",0.000860043807456836,0,"HLA-F_LILRB1","HLA-F - LILRB1","MHC-I","Cell-Cell Contact","PMID: 28484462"
"NEUT","MTC_Prolif","HLA-F","LILRB1",0.00185415813094584,0,"HLA-F_LILRB1","HLA-F - LILRB1","MHC-I","Cell-Cell Contact","PMID: 28484462"
"T Cells","MTC_Prolif","HLA-F","LILRB1",0.00304245839176491,0,"HLA-F_LILRB1","HLA-F - LILRB1","MHC-I","Cell-Cell Contact","PMID: 28484462"
"MTC_Prolif","NEUT","HLA-F","LILRB1",0.00145239362629621,0,"HLA-F_LILRB1","HLA-F - LILRB1","MHC-I","Cell-Cell Contact","PMID: 28484462"
"NEUT","NEUT","HLA-F","LILRB1",0.00312905372585773,0,"HLA-F_LILRB1","HLA-F - LILRB1","MHC-I","Cell-Cell Contact","PMID: 28484462"
"T Cells","NEUT","HLA-F","LILRB1",0.0051302146816081,0,"HLA-F_LILRB1","HLA-F - LILRB1","MHC-I","Cell-Cell Contact","PMID: 28484462"
"B Cells","T Cells","HLA-E","KLRK1",0.0416929403131927,0,"HLA-E_KLRK1","HLA-E - KLRK1","MHC-I","Cell-Cell Contact","PMID: 28484462"
"MONO","T Cells","HLA-E","KLRK1",0.0308718238211398,0,"HLA-E_KLRK1","HLA-E - KLRK1","MHC-I","Cell-Cell Contact","PMID: 28484462"
"MTC_123","T Cells","HLA-E","KLRK1",0.0411503361750731,0,"HLA-E_KLRK1","HLA-E - KLRK1","MHC-I","Cell-Cell Contact","PMID: 28484462"
"MTC_456","T Cells","HLA-E","KLRK1",0.0382751343645737,0,"HLA-E_KLRK1","HLA-E - KLRK1","MHC-I","Cell-Cell Contact","PMID: 28484462"
"MTC_Prolif","T Cells","HLA-E","KLRK1",0.0376852734886192,0,"HLA-E_KLRK1","HLA-E - KLRK1","MHC-I","Cell-Cell Contact","PMID: 28484462"
"NEUT","T Cells","HLA-E","KLRK1",0.0357292101207283,0,"HLA-E_KLRK1","HLA-E - KLRK1","MHC-I","Cell-Cell Contact","PMID: 28484462"
"T Cells","T Cells","HLA-E","KLRK1",0.0479011299439896,0,"HLA-E_KLRK1","HLA-E - KLRK1","MHC-I","Cell-Cell Contact","PMID: 28484462"
"B Cells","MTC_123","HLA-DPA1","CD4",0.026185210595685,0,"HLA-DPA1_CD4","HLA-DPA1 - CD4","MHC-II","Cell-Cell Contact","KEGG: hsa04514"
"MTC_123","MTC_123","HLA-DPA1","CD4",0.0261380769161455,0,"HLA-DPA1_CD4","HLA-DPA1 - CD4","MHC-II","Cell-Cell Contact","KEGG: hsa04514"
"MTC_456","MTC_123","HLA-DPA1","CD4",0.02623645695516,0,"HLA-DPA1_CD4","HLA-DPA1 - CD4","MHC-II","Cell-Cell Contact","KEGG: hsa04514"
"MTC_Prolif","MTC_123","HLA-DPA1","CD4",0.0288373039815409,0,"HLA-DPA1_CD4","HLA-DPA1 - CD4","MHC-II","Cell-Cell Contact","KEGG: hsa04514"
"B Cells","MTC_456","HLA-DPA1","CD4",0.0189168398722618,0.99,"HLA-DPA1_CD4","HLA-DPA1 - CD4","MHC-II","Cell-Cell Contact","KEGG: hsa04514"
"MTC_Prolif","MTC_456","HLA-DPA1","CD4",0.0208485377990791,0.12,"HLA-DPA1_CD4","HLA-DPA1 - CD4","MHC-II","Cell-Cell Contact","KEGG: hsa04514"
"B Cells","MTC_Prolif","HLA-DPA1","CD4",0.0235207792923199,0,"HLA-DPA1_CD4","HLA-DPA1 - CD4","MHC-II","Cell-Cell Contact","KEGG: hsa04514"
"MTC_123","MTC_Prolif","HLA-DPA1","CD4",0.02347832598969,0,"HLA-DPA1_CD4","HLA-DPA1 - CD4","MHC-II","Cell-Cell Contact","KEGG: hsa04514"
"MTC_456","MTC_Prolif","HLA-DPA1","CD4",0.0235669373600342,0,"HLA-DPA1_CD4","HLA-DPA1 - CD4","MHC-II","Cell-Cell Contact","KEGG: hsa04514"
"MTC_Prolif","MTC_Prolif","HLA-DPA1","CD4",0.0259101935708658,0,"HLA-DPA1_CD4","HLA-DPA1 - CD4","MHC-II","Cell-Cell Contact","KEGG: hsa04514"
"B Cells","MTC_123","HLA-DPB1","CD4",0.0254191956123372,0,"HLA-DPB1_CD4","HLA-DPB1 - CD4","MHC-II","Cell-Cell Contact","KEGG: hsa04514"
"MTC_123","MTC_123","HLA-DPB1","CD4",0.0168977972397882,0,"HLA-DPB1_CD4","HLA-DPB1 - CD4","MHC-II","Cell-Cell Contact","KEGG: hsa04514"
"MTC_456","MTC_123","HLA-DPB1","CD4",0.0201992472818705,0,"HLA-DPB1_CD4","HLA-DPB1 - CD4","MHC-II","Cell-Cell Contact","KEGG: hsa04514"
"MTC_Prolif","MTC_123","HLA-DPB1","CD4",0.0225611682828907,0,"HLA-DPB1_CD4","HLA-DPB1 - CD4","MHC-II","Cell-Cell Contact","KEGG: hsa04514"
"NEUT","MTC_123","HLA-DPB1","CD4",0.013472326762908,0.76,"HLA-DPB1_CD4","HLA-DPB1 - CD4","MHC-II","Cell-Cell Contact","KEGG: hsa04514"
"B Cells","MTC_456","HLA-DPB1","CD4",0.0183594431364373,0,"HLA-DPB1_CD4","HLA-DPB1 - CD4","MHC-II","Cell-Cell Contact","KEGG: hsa04514"
"MTC_456","MTC_456","HLA-DPB1","CD4",0.0145675771146173,0,"HLA-DPB1_CD4","HLA-DPB1 - CD4","MHC-II","Cell-Cell Contact","KEGG: hsa04514"
"MTC_Prolif","MTC_456","HLA-DPB1","CD4",0.0162819234790374,0,"HLA-DPB1_CD4","HLA-DPB1 - CD4","MHC-II","Cell-Cell Contact","KEGG: hsa04514"
"B Cells","MTC_Prolif","HLA-DPB1","CD4",0.0228308814596879,0,"HLA-DPB1_CD4","HLA-DPB1 - CD4","MHC-II","Cell-Cell Contact","KEGG: hsa04514"
"MTC_123","MTC_Prolif","HLA-DPB1","CD4",0.0151636754170508,0.01,"HLA-DPB1_CD4","HLA-DPB1 - CD4","MHC-II","Cell-Cell Contact","KEGG: hsa04514"
"MTC_456","MTC_Prolif","HLA-DPB1","CD4",0.0181325660668541,0,"HLA-DPB1_CD4","HLA-DPB1 - CD4","MHC-II","Cell-Cell Contact","KEGG: hsa04514"
"MTC_Prolif","MTC_Prolif","HLA-DPB1","CD4",0.020257824095759,0,"HLA-DPB1_CD4","HLA-DPB1 - CD4","MHC-II","Cell-Cell Contact","KEGG: hsa04514"
"NEUT","MTC_Prolif","HLA-DPB1","CD4",0.0120854194014806,0.9,"HLA-DPB1_CD4","HLA-DPB1 - CD4","MHC-II","Cell-Cell Contact","KEGG: hsa04514"
"B Cells","NEUT","HLA-DPB1","CD4",0.0146001952915655,0.09,"HLA-DPB1_CD4","HLA-DPB1 - CD4","MHC-II","Cell-Cell Contact","KEGG: hsa04514"
"MTC_Prolif","NEUT","HLA-DPB1","CD4",0.0129424564156847,0.79,"HLA-DPB1_CD4","HLA-DPB1 - CD4","MHC-II","Cell-Cell Contact","KEGG: hsa04514"
"B Cells","MTC_123","HLA-DQA1","CD4",0.0156549943418334,0,"HLA-DQA1_CD4","HLA-DQA1 - CD4","MHC-II","Cell-Cell Contact","KEGG: hsa04514"
"MTC_123","MTC_123","HLA-DQA1","CD4",0.00433682998949694,0,"HLA-DQA1_CD4","HLA-DQA1 - CD4","MHC-II","Cell-Cell Contact","KEGG: hsa04514"
"MTC_456","MTC_123","HLA-DQA1","CD4",0.00949041713512831,0,"HLA-DQA1_CD4","HLA-DQA1 - CD4","MHC-II","Cell-Cell Contact","KEGG: hsa04514"
"MTC_Prolif","MTC_123","HLA-DQA1","CD4",0.0130237845947792,0,"HLA-DQA1_CD4","HLA-DQA1 - CD4","MHC-II","Cell-Cell Contact","KEGG: hsa04514"
"B Cells","MTC_456","HLA-DQA1","CD4",0.0112757084577526,0,"HLA-DQA1_CD4","HLA-DQA1 - CD4","MHC-II","Cell-Cell Contact","KEGG: hsa04514"
"MTC_456","MTC_456","HLA-DQA1","CD4",0.00682363919684057,0,"HLA-DQA1_CD4","HLA-DQA1 - CD4","MHC-II","Cell-Cell Contact","KEGG: hsa04514"
"MTC_Prolif","MTC_456","HLA-DQA1","CD4",0.00937353713093579,0,"HLA-DQA1_CD4","HLA-DQA1 - CD4","MHC-II","Cell-Cell Contact","KEGG: hsa04514"
"B Cells","MTC_Prolif","HLA-DQA1","CD4",0.0140465917737462,0,"HLA-DQA1_CD4","HLA-DQA1 - CD4","MHC-II","Cell-Cell Contact","KEGG: hsa04514"
"MTC_123","MTC_Prolif","HLA-DQA1","CD4",0.00388667030323038,0.09,"HLA-DQA1_CD4","HLA-DQA1 - CD4","MHC-II","Cell-Cell Contact","KEGG: hsa04514"
"MTC_456","MTC_Prolif","HLA-DQA1","CD4",0.00850989108146467,0,"HLA-DQA1_CD4","HLA-DQA1 - CD4","MHC-II","Cell-Cell Contact","KEGG: hsa04514"
"MTC_Prolif","MTC_Prolif","HLA-DQA1","CD4",0.0116825055550117,0,"HLA-DQA1_CD4","HLA-DQA1 - CD4","MHC-II","Cell-Cell Contact","KEGG: hsa04514"
"B Cells","NEUT","HLA-DQA1","CD4",0.00895368409046058,0,"HLA-DQA1_CD4","HLA-DQA1 - CD4","MHC-II","Cell-Cell Contact","KEGG: hsa04514"
"MTC_456","NEUT","HLA-DQA1","CD4",0.00541341671217926,0,"HLA-DQA1_CD4","HLA-DQA1 - CD4","MHC-II","Cell-Cell Contact","KEGG: hsa04514"
"MTC_Prolif","NEUT","HLA-DQA1","CD4",0.00744028217138736,0,"HLA-DQA1_CD4","HLA-DQA1 - CD4","MHC-II","Cell-Cell Contact","KEGG: hsa04514"
"B Cells","MTC_123","HLA-DMA","CD4",0.0120854454861459,0,"HLA-DMA_CD4","HLA-DMA - CD4","MHC-II","Cell-Cell Contact","KEGG: hsa04514"
"MTC_123","MTC_123","HLA-DMA","CD4",0.0130921423354862,0,"HLA-DMA_CD4","HLA-DMA - CD4","MHC-II","Cell-Cell Contact","KEGG: hsa04514"
"MTC_456","MTC_123","HLA-DMA","CD4",0.00965758096362287,0,"HLA-DMA_CD4","HLA-DMA - CD4","MHC-II","Cell-Cell Contact","KEGG: hsa04514"
"MTC_Prolif","MTC_123","HLA-DMA","CD4",0.0177339223724624,0,"HLA-DMA_CD4","HLA-DMA - CD4","MHC-II","Cell-Cell Contact","KEGG: hsa04514"
"B Cells","MTC_456","HLA-DMA","CD4",0.00869587432949825,0.39,"HLA-DMA_CD4","HLA-DMA - CD4","MHC-II","Cell-Cell Contact","KEGG: hsa04514"
"MTC_123","MTC_456","HLA-DMA","CD4",0.00942291878907738,0,"HLA-DMA_CD4","HLA-DMA - CD4","MHC-II","Cell-Cell Contact","KEGG: hsa04514"
"MTC_Prolif","MTC_456","HLA-DMA","CD4",0.0127806336027539,0,"HLA-DMA_CD4","HLA-DMA - CD4","MHC-II","Cell-Cell Contact","KEGG: hsa04514"
"B Cells","MTC_Prolif","HLA-DMA","CD4",0.0108397417319639,0,"HLA-DMA_CD4","HLA-DMA - CD4","MHC-II","Cell-Cell Contact","KEGG: hsa04514"
"MTC_123","MTC_Prolif","HLA-DMA","CD4",0.0117439071122621,0,"HLA-DMA_CD4","HLA-DMA - CD4","MHC-II","Cell-Cell Contact","KEGG: hsa04514"
"MTC_456","MTC_Prolif","HLA-DMA","CD4",0.00865993496151207,0.32,"HLA-DMA_CD4","HLA-DMA - CD4","MHC-II","Cell-Cell Contact","KEGG: hsa04514"
"MTC_Prolif","MTC_Prolif","HLA-DMA","CD4",0.0159153830495893,0,"HLA-DMA_CD4","HLA-DMA - CD4","MHC-II","Cell-Cell Contact","KEGG: hsa04514"
"B Cells","NEUT","HLA-DMA","CD4",0.00690141093785383,0.98,"HLA-DMA_CD4","HLA-DMA - CD4","MHC-II","Cell-Cell Contact","KEGG: hsa04514"
"MTC_123","NEUT","HLA-DMA","CD4",0.00747955595622841,0.99,"HLA-DMA_CD4","HLA-DMA - CD4","MHC-II","Cell-Cell Contact","KEGG: hsa04514"
"MTC_Prolif","NEUT","HLA-DMA","CD4",0.010151879700049,0,"HLA-DMA_CD4","HLA-DMA - CD4","MHC-II","Cell-Cell Contact","KEGG: hsa04514"
"B Cells","MTC_123","HLA-DMB","CD4",0.00495306080255621,0,"HLA-DMB_CD4","HLA-DMB - CD4","MHC-II","Cell-Cell Contact","KEGG: hsa04514"
"MTC_123","MTC_123","HLA-DMB","CD4",0.0100423798432613,0,"HLA-DMB_CD4","HLA-DMB - CD4","MHC-II","Cell-Cell Contact","KEGG: hsa04514"
"MTC_Prolif","MTC_123","HLA-DMB","CD4",0.0121026630845666,0,"HLA-DMB_CD4","HLA-DMB - CD4","MHC-II","Cell-Cell Contact","KEGG: hsa04514"
"B Cells","MTC_456","HLA-DMB","CD4",0.00355668783088286,0.01,"HLA-DMB_CD4","HLA-DMB - CD4","MHC-II","Cell-Cell Contact","KEGG: hsa04514"
"MTC_123","MTC_456","HLA-DMB","CD4",0.0072216328924878,0,"HLA-DMB_CD4","HLA-DMB - CD4","MHC-II","Cell-Cell Contact","KEGG: hsa04514"
"MTC_Prolif","MTC_456","HLA-DMB","CD4",0.00870830552275393,0,"HLA-DMB_CD4","HLA-DMB - CD4","MHC-II","Cell-Cell Contact","KEGG: hsa04514"
"B Cells","MTC_Prolif","HLA-DMB","CD4",0.00443922201057639,0,"HLA-DMB_CD4","HLA-DMB - CD4","MHC-II","Cell-Cell Contact","KEGG: hsa04514"
"MTC_123","MTC_Prolif","HLA-DMB","CD4",0.00900534486132352,0,"HLA-DMB_CD4","HLA-DMB - CD4","MHC-II","Cell-Cell Contact","KEGG: hsa04514"
"MTC_456","MTC_Prolif","HLA-DMB","CD4",0.00282676542566923,0.94,"HLA-DMB_CD4","HLA-DMB - CD4","MHC-II","Cell-Cell Contact","KEGG: hsa04514"
"MTC_Prolif","MTC_Prolif","HLA-DMB","CD4",0.0108552041318596,0,"HLA-DMB_CD4","HLA-DMB - CD4","MHC-II","Cell-Cell Contact","KEGG: hsa04514"
"B Cells","NEUT","HLA-DMB","CD4",0.00281972019949555,0.96,"HLA-DMB_CD4","HLA-DMB - CD4","MHC-II","Cell-Cell Contact","KEGG: hsa04514"
"MTC_123","NEUT","HLA-DMB","CD4",0.00572963267364698,0,"HLA-DMB_CD4","HLA-DMB - CD4","MHC-II","Cell-Cell Contact","KEGG: hsa04514"
"MTC_Prolif","NEUT","HLA-DMB","CD4",0.00691129473961376,0,"HLA-DMB_CD4","HLA-DMB - CD4","MHC-II","Cell-Cell Contact","KEGG: hsa04514"
"MTC_Prolif","MTC_123","HLA-DQA2","CD4",0.00299001239315535,0,"HLA-DQA2_CD4","HLA-DQA2 - CD4","MHC-II","Cell-Cell Contact","KEGG: hsa04514"
"MTC_Prolif","MTC_456","HLA-DQA2","CD4",0.0021458709447862,0,"HLA-DQA2_CD4","HLA-DQA2 - CD4","MHC-II","Cell-Cell Contact","KEGG: hsa04514"
"MTC_Prolif","MTC_Prolif","HLA-DQA2","CD4",0.00267927516839032,0,"HLA-DQA2_CD4","HLA-DQA2 - CD4","MHC-II","Cell-Cell Contact","KEGG: hsa04514"
"MTC_Prolif","NEUT","HLA-DQA2","CD4",0.00170073431408202,0,"HLA-DQA2_CD4","HLA-DQA2 - CD4","MHC-II","Cell-Cell Contact","KEGG: hsa04514"
"B Cells","MTC_123","HLA-DQB1","CD4",0.0155271843877002,0,"HLA-DQB1_CD4","HLA-DQB1 - CD4","MHC-II","Cell-Cell Contact","KEGG: hsa04514"
"MTC_123","MTC_123","HLA-DQB1","CD4",0.0144975056565403,0,"HLA-DQB1_CD4","HLA-DQB1 - CD4","MHC-II","Cell-Cell Contact","KEGG: hsa04514"
"MTC_456","MTC_123","HLA-DQB1","CD4",0.013127197615944,0,"HLA-DQB1_CD4","HLA-DQB1 - CD4","MHC-II","Cell-Cell Contact","KEGG: hsa04514"
"MTC_Prolif","MTC_123","HLA-DQB1","CD4",0.0162880136982835,0,"HLA-DQB1_CD4","HLA-DQB1 - CD4","MHC-II","Cell-Cell Contact","KEGG: hsa04514"
"B Cells","MTC_456","HLA-DQB1","CD4",0.0111832455194501,0.06,"HLA-DQB1_CD4","HLA-DQB1 - CD4","MHC-II","Cell-Cell Contact","KEGG: hsa04514"
"MTC_123","MTC_456","HLA-DQB1","CD4",0.0104385788439941,0.85,"HLA-DQB1_CD4","HLA-DQB1 - CD4","MHC-II","Cell-Cell Contact","KEGG: hsa04514"
"MTC_Prolif","MTC_456","HLA-DQB1","CD4",0.0117337595363794,0,"HLA-DQB1_CD4","HLA-DQB1 - CD4","MHC-II","Cell-Cell Contact","KEGG: hsa04514"
"B Cells","MTC_Prolif","HLA-DQB1","CD4",0.013931727232608,0,"HLA-DQB1_CD4","HLA-DQB1 - CD4","MHC-II","Cell-Cell Contact","KEGG: hsa04514"
"MTC_123","MTC_Prolif","HLA-DQB1","CD4",0.0130064527608622,0,"HLA-DQB1_CD4","HLA-DQB1 - CD4","MHC-II","Cell-Cell Contact","KEGG: hsa04514"
"MTC_456","MTC_Prolif","HLA-DQB1","CD4",0.0117753954560023,0.01,"HLA-DQB1_CD4","HLA-DQB1 - CD4","MHC-II","Cell-Cell Contact","KEGG: hsa04514"
"MTC_Prolif","MTC_Prolif","HLA-DQB1","CD4",0.014615540044562,0,"HLA-DQB1_CD4","HLA-DQB1 - CD4","MHC-II","Cell-Cell Contact","KEGG: hsa04514"
"B Cells","NEUT","HLA-DQB1","CD4",0.00888009117592286,0.99,"HLA-DQB1_CD4","HLA-DQB1 - CD4","MHC-II","Cell-Cell Contact","KEGG: hsa04514"
"MTC_Prolif","NEUT","HLA-DQB1","CD4",0.00931829698312957,0.93,"HLA-DQB1_CD4","HLA-DQB1 - CD4","MHC-II","Cell-Cell Contact","KEGG: hsa04514"
"B Cells","MTC_123","HLA-DRA","CD4",0.0370693203958037,0,"HLA-DRA_CD4","HLA-DRA - CD4","MHC-II","Cell-Cell Contact","KEGG: hsa04514"
"MONO","MTC_123","HLA-DRA","CD4",0.0265615991432504,0.83,"HLA-DRA_CD4","HLA-DRA - CD4","MHC-II","Cell-Cell Contact","KEGG: hsa04514"
"MTC_123","MTC_123","HLA-DRA","CD4",0.033648526793246,0,"HLA-DRA_CD4","HLA-DRA - CD4","MHC-II","Cell-Cell Contact","KEGG: hsa04514"
"MTC_456","MTC_123","HLA-DRA","CD4",0.033779510966862,0,"HLA-DRA_CD4","HLA-DRA - CD4","MHC-II","Cell-Cell Contact","KEGG: hsa04514"
"MTC_Prolif","MTC_123","HLA-DRA","CD4",0.0360155814745084,0,"HLA-DRA_CD4","HLA-DRA - CD4","MHC-II","Cell-Cell Contact","KEGG: hsa04514"
"NEUT","MTC_123","HLA-DRA","CD4",0.0277755298138046,0,"HLA-DRA_CD4","HLA-DRA - CD4","MHC-II","Cell-Cell Contact","KEGG: hsa04514"
"B Cells","MTC_456","HLA-DRA","CD4",0.0268631284901273,0.38,"HLA-DRA_CD4","HLA-DRA - CD4","MHC-II","Cell-Cell Contact","KEGG: hsa04514"
"MTC_Prolif","MTC_456","HLA-DRA","CD4",0.026091651350636,0.96,"HLA-DRA_CD4","HLA-DRA - CD4","MHC-II","Cell-Cell Contact","KEGG: hsa04514"
"B Cells","MTC_Prolif","HLA-DRA","CD4",0.0333353064896804,0,"HLA-DRA_CD4","HLA-DRA - CD4","MHC-II","Cell-Cell Contact","KEGG: hsa04514"
"MONO","MTC_Prolif","HLA-DRA","CD4",0.0238598074400302,0.9,"HLA-DRA_CD4","HLA-DRA - CD4","MHC-II","Cell-Cell Contact","KEGG: hsa04514"
"MTC_123","MTC_Prolif","HLA-DRA","CD4",0.0302482672424917,0,"HLA-DRA_CD4","HLA-DRA - CD4","MHC-II","Cell-Cell Contact","KEGG: hsa04514"
"MTC_456","MTC_Prolif","HLA-DRA","CD4",0.0303664311029318,0,"HLA-DRA_CD4","HLA-DRA - CD4","MHC-II","Cell-Cell Contact","KEGG: hsa04514"
"MTC_Prolif","MTC_Prolif","HLA-DRA","CD4",0.0323841415945469,0,"HLA-DRA_CD4","HLA-DRA - CD4","MHC-II","Cell-Cell Contact","KEGG: hsa04514"
"NEUT","MTC_Prolif","HLA-DRA","CD4",0.0249534248459836,0.79,"HLA-DRA_CD4","HLA-DRA - CD4","MHC-II","Cell-Cell Contact","KEGG: hsa04514"
"B Cells","MTC_123","HLA-DRB1","CD4",0.0275283360473327,0,"HLA-DRB1_CD4","HLA-DRB1 - CD4","MHC-II","Cell-Cell Contact","KEGG: hsa04514"
"MTC_123","MTC_123","HLA-DRB1","CD4",0.0297598504336039,0,"HLA-DRB1_CD4","HLA-DRB1 - CD4","MHC-II","Cell-Cell Contact","KEGG: hsa04514"
"MTC_456","MTC_123","HLA-DRB1","CD4",0.0291858171524801,0,"HLA-DRB1_CD4","HLA-DRB1 - CD4","MHC-II","Cell-Cell Contact","KEGG: hsa04514"
"MTC_Prolif","MTC_123","HLA-DRB1","CD4",0.033165726830458,0,"HLA-DRB1_CD4","HLA-DRB1 - CD4","MHC-II","Cell-Cell Contact","KEGG: hsa04514"
"MTC_Prolif","MTC_456","HLA-DRB1","CD4",0.0240075046446524,0.02,"HLA-DRB1_CD4","HLA-DRB1 - CD4","MHC-II","Cell-Cell Contact","KEGG: hsa04514"
"B Cells","MTC_Prolif","HLA-DRB1","CD4",0.0247307080767031,0.08,"HLA-DRB1_CD4","HLA-DRB1 - CD4","MHC-II","Cell-Cell Contact","KEGG: hsa04514"
"MTC_123","MTC_Prolif","HLA-DRB1","CD4",0.0267416761022912,0,"HLA-DRB1_CD4","HLA-DRB1 - CD4","MHC-II","Cell-Cell Contact","KEGG: hsa04514"
"MTC_456","MTC_Prolif","HLA-DRB1","CD4",0.0262242864018978,0,"HLA-DRB1_CD4","HLA-DRB1 - CD4","MHC-II","Cell-Cell Contact","KEGG: hsa04514"
"MTC_Prolif","MTC_Prolif","HLA-DRB1","CD4",0.0298127501539026,0,"HLA-DRB1_CD4","HLA-DRB1 - CD4","MHC-II","Cell-Cell Contact","KEGG: hsa04514"
"NEUT","MTC_Prolif","HLA-DRB1","CD4",0.018543004333671,0.98,"HLA-DRB1_CD4","HLA-DRB1 - CD4","MHC-II","Cell-Cell Contact","KEGG: hsa04514"
"B Cells","MTC_123","HLA-DRB5","CD4",0.00483329139357325,0,"HLA-DRB5_CD4","HLA-DRB5 - CD4","MHC-II","Cell-Cell Contact","KEGG: hsa04514"
"MTC_123","MTC_123","HLA-DRB5","CD4",0.00498459174941876,0,"HLA-DRB5_CD4","HLA-DRB5 - CD4","MHC-II","Cell-Cell Contact","KEGG: hsa04514"
"MTC_456","MTC_123","HLA-DRB5","CD4",0.0049713573850468,0,"HLA-DRB5_CD4","HLA-DRB5 - CD4","MHC-II","Cell-Cell Contact","KEGG: hsa04514"
"B Cells","MTC_456","HLA-DRB5","CD4",0.00347056619161074,0.9,"HLA-DRB5_CD4","HLA-DRB5 - CD4","MHC-II","Cell-Cell Contact","KEGG: hsa04514"
"B Cells","MTC_Prolif","HLA-DRB5","CD4",0.00433182358875578,0.04,"HLA-DRB5_CD4","HLA-DRB5 - CD4","MHC-II","Cell-Cell Contact","KEGG: hsa04514"
"MTC_123","MTC_Prolif","HLA-DRB5","CD4",0.0044674965706506,0,"HLA-DRB5_CD4","HLA-DRB5 - CD4","MHC-II","Cell-Cell Contact","KEGG: hsa04514"
"MTC_456","MTC_Prolif","HLA-DRB5","CD4",0.00445562897447866,0,"HLA-DRB5_CD4","HLA-DRB5 - CD4","MHC-II","Cell-Cell Contact","KEGG: hsa04514"
"NEUT","MTC_Prolif","HLA-DRB5","CD4",0.00294813397854985,0.99,"HLA-DRB5_CD4","HLA-DRB5 - CD4","MHC-II","Cell-Cell Contact","KEGG: hsa04514"
"B Cells","NEUT","HLA-DRB5","CD4",0.00275139422077769,0.99,"HLA-DRB5_CD4","HLA-DRB5 - CD4","MHC-II","Cell-Cell Contact","KEGG: hsa04514"
"MTC_123","MTC_123","MPZL1","MPZL1",0.000735941125149715,0,"MPZL1_MPZL1","MPZL1 - MPZL1","MPZ","Cell-Cell Contact","KEGG: hsa04514"
"MTC_Prolif","MTC_123","MPZL1","MPZL1",0.000693255994554403,0,"MPZL1_MPZL1","MPZL1 - MPZL1","MPZ","Cell-Cell Contact","KEGG: hsa04514"
"MTC_123","MTC_Prolif","MPZL1","MPZL1",0.000693255994554403,0,"MPZL1_MPZL1","MPZL1 - MPZL1","MPZ","Cell-Cell Contact","KEGG: hsa04514"
"MTC_Prolif","MTC_Prolif","MPZL1","MPZL1",0.000653045015184072,0,"MPZL1_MPZL1","MPZL1 - MPZL1","MPZ","Cell-Cell Contact","KEGG: hsa04514"
"MONO","MONO","PECAM1","PECAM1",0.00177088444660858,0,"PECAM1_PECAM1","PECAM1 - PECAM1","PECAM1","Cell-Cell Contact","KEGG: hsa04514"
"NEUT","MONO","PECAM1","PECAM1",0.00301967367052201,0,"PECAM1_PECAM1","PECAM1 - PECAM1","PECAM1","Cell-Cell Contact","KEGG: hsa04514"
"MONO","NEUT","PECAM1","PECAM1",0.00301967367052201,0,"PECAM1_PECAM1","PECAM1 - PECAM1","PECAM1","Cell-Cell Contact","KEGG: hsa04514"
"NEUT","NEUT","PECAM1","PECAM1",0.00514454349448726,0,"PECAM1_PECAM1","PECAM1 - PECAM1","PECAM1","Cell-Cell Contact","KEGG: hsa04514"
"MTC_123","MONO","SELPLG","SELL",0.00809422155666443,0,"SELPLG_SELL","SELPLG - SELL","SELPLG","Cell-Cell Contact","PMC2431087; PMID:  8892633,PMID:  8896607"
"MTC_Prolif","MONO","SELPLG","SELL",0.00177222148075522,0,"SELPLG_SELL","SELPLG - SELL","SELPLG","Cell-Cell Contact","PMC2431087; PMID:  8892633,PMID:  8896607"
"NEUT","MONO","SELPLG","SELL",0.00158306371398375,0,"SELPLG_SELL","SELPLG - SELL","SELPLG","Cell-Cell Contact","PMC2431087; PMID:  8892633,PMID:  8896607"
"MTC_123","NEUT","SELPLG","SELL",0.014347000880077,0,"SELPLG_SELL","SELPLG - SELL","SELPLG","Cell-Cell Contact","PMC2431087; PMID:  8892633,PMID:  8896607"
"MTC_Prolif","NEUT","SELPLG","SELL",0.00315680389499,0,"SELPLG_SELL","SELPLG - SELL","SELPLG","Cell-Cell Contact","PMC2431087; PMID:  8892633,PMID:  8896607"
"NEUT","NEUT","SELPLG","SELL",0.00282028048308909,0,"SELPLG_SELL","SELPLG - SELL","SELPLG","Cell-Cell Contact","PMC2431087; PMID:  8892633,PMID:  8896607"
"MTC_123","MTC_Prolif","SEMA4D","PLXNB2",0.00116343580001946,0,"SEMA4D_PLXNB2","SEMA4D - PLXNB2","SEMA4","Cell-Cell Contact","PMID: 27533782"
"MTC_Prolif","MONO","ITGAV_ITGB1","ADGRE2",0.00309821294236644,0,"ITGAV_ITGB1_ADGRE2","(ITGAV+ITGB1) - ADGRE2","ADGRE","Cell-Cell Contact","PMID: 31462748"
"MTC_Prolif","MTC_456","ITGAV_ITGB1","ADGRE2",0.0030613140940245,0,"ITGAV_ITGB1_ADGRE2","(ITGAV+ITGB1) - ADGRE2","ADGRE","Cell-Cell Contact","PMID: 31462748"
"MTC_Prolif","NEUT","ITGAV_ITGB1","ADGRE2",0.00385278410199744,0,"ITGAV_ITGB1_ADGRE2","(ITGAV+ITGB1) - ADGRE2","ADGRE","Cell-Cell Contact","PMID: 31462748"
"B Cells","NEUT","CD55","ADGRE5",0.00537058233450331,0,"CD55_ADGRE5","CD55 - ADGRE5","ADGRE","Cell-Cell Contact","PMID: 31462748"
"MONO","NEUT","CD55","ADGRE5",0.0118524160896102,0,"CD55_ADGRE5","CD55 - ADGRE5","ADGRE","Cell-Cell Contact","PMID: 31462748"
"NEUT","NEUT","CD55","ADGRE5",0.0206206415774246,0,"CD55_ADGRE5","CD55 - ADGRE5","ADGRE","Cell-Cell Contact","PMID: 31462748"
"B Cells","T Cells","CD55","ADGRE5",0.00649580080632655,0,"CD55_ADGRE5","CD55 - ADGRE5","ADGRE","Cell-Cell Contact","PMID: 31462748"
"MONO","T Cells","CD55","ADGRE5",0.0143161301723336,0,"CD55_ADGRE5","CD55 - ADGRE5","ADGRE","Cell-Cell Contact","PMID: 31462748"
"NEUT","T Cells","CD55","ADGRE5",0.0248611156783611,0,"CD55_ADGRE5","CD55 - ADGRE5","ADGRE","Cell-Cell Contact","PMID: 31462748"
"MTC_Prolif","NEUT","ITGAV_ITGB1","ADGRE5",0.00385548350904806,0,"ITGAV_ITGB1_ADGRE5","(ITGAV+ITGB1) - ADGRE5","ADGRE","Cell-Cell Contact","PMID: 31462748"
"MTC_Prolif","T Cells","ITGAV_ITGB1","ADGRE5",0.00466475455000182,0,"ITGAV_ITGB1_ADGRE5","(ITGAV+ITGB1) - ADGRE5","ADGRE","Cell-Cell Contact","PMID: 31462748"
"MONO","MONO","APP","SORL1",0.000968591735478814,0,"APP_SORL1","APP - SORL1","APP","Cell-Cell Contact","PMID: 24523320"
"MONO","MTC_123","APP","SORL1",0.0106268888354378,0,"APP_SORL1","APP - SORL1","APP","Cell-Cell Contact","PMID: 24523320"
"MONO","MTC_456","APP","SORL1",0.00186207557247347,0,"APP_SORL1","APP - SORL1","APP","Cell-Cell Contact","PMID: 24523320"
"MONO","MTC_Prolif","APP","SORL1",0.00534346212470893,0,"APP_SORL1","APP - SORL1","APP","Cell-Cell Contact","PMID: 24523320"
"MONO","NEUT","APP","SORL1",0.000902295840761084,0,"APP_SORL1","APP - SORL1","APP","Cell-Cell Contact","PMID: 24523320"
"MONO","B Cells","APP","TREM2_TYROBP",0.00195309808218178,0,"APP_TREM2_TYROBP","APP - (TREM2+TYROBP)","APP","Cell-Cell Contact","PMID:27477013"
"MONO","MONO","APP","TREM2_TYROBP",0.00481249264096006,0,"APP_TREM2_TYROBP","APP - (TREM2+TYROBP)","APP","Cell-Cell Contact","PMID:27477013"
"MONO","MTC_123","APP","TREM2_TYROBP",0.00993704504853314,0,"APP_TREM2_TYROBP","APP - (TREM2+TYROBP)","APP","Cell-Cell Contact","PMID:27477013"
"MONO","MTC_456","APP","TREM2_TYROBP",0.0123410939016494,0,"APP_TREM2_TYROBP","APP - (TREM2+TYROBP)","APP","Cell-Cell Contact","PMID:27477013"
"MONO","MTC_Prolif","APP","TREM2_TYROBP",0.0113315241522927,0,"APP_TREM2_TYROBP","APP - (TREM2+TYROBP)","APP","Cell-Cell Contact","PMID:27477013"
"MTC_123","MTC_123","ADORA3","ENTPD1",0.00465429779773173,0,"ENTPD1_ADORA3","ADORA3 - ENTPD1","CD39","Cell-Cell Contact","uniprot"
"MTC_456","MTC_123","ADORA3","ENTPD1",0.00385879565773946,0,"ENTPD1_ADORA3","ADORA3 - ENTPD1","CD39","Cell-Cell Contact","uniprot"
"MTC_Prolif","MTC_123","ADORA3","ENTPD1",0.00314766035637677,0.5,"ENTPD1_ADORA3","ADORA3 - ENTPD1","CD39","Cell-Cell Contact","uniprot"
"MTC_123","MTC_456","ADORA3","ENTPD1",0.00343827076618804,0,"ENTPD1_ADORA3","ADORA3 - ENTPD1","CD39","Cell-Cell Contact","uniprot"
"MTC_123","MTC_Prolif","ADORA3","ENTPD1",0.0037202098789756,0,"ENTPD1_ADORA3","ADORA3 - ENTPD1","CD39","Cell-Cell Contact","uniprot"
"MTC_456","MTC_Prolif","ADORA3","ENTPD1",0.00308386530274005,0.56,"ENTPD1_ADORA3","ADORA3 - ENTPD1","CD39","Cell-Cell Contact","uniprot"
"MTC_456","MTC_123","APOE","TREM2_TYROBP",0.195220587205728,0,"APOE_TREM2_TYROBP","APOE - TREM2","ApoE","Cell-Cell Contact","uniprot;PMID:27477015"
"MTC_Prolif","MTC_123","APOE","TREM2_TYROBP",0.196726038284498,0,"APOE_TREM2_TYROBP","APOE - TREM2","ApoE","Cell-Cell Contact","uniprot;PMID:27477015"
"MTC_123","MTC_456","APOE","TREM2_TYROBP",0.169929671922781,0.07,"APOE_TREM2_TYROBP","APOE - TREM2","ApoE","Cell-Cell Contact","uniprot;PMID:27477015"
"MTC_456","MTC_456","APOE","TREM2_TYROBP",0.231948399411615,0,"APOE_TREM2_TYROBP","APOE - TREM2","ApoE","Cell-Cell Contact","uniprot;PMID:27477015"
"MTC_Prolif","MTC_456","APOE","TREM2_TYROBP",0.233654847721099,0,"APOE_TREM2_TYROBP","APOE - TREM2","ApoE","Cell-Cell Contact","uniprot;PMID:27477015"
"MTC_456","MTC_Prolif","APOE","TREM2_TYROBP",0.216919408367015,0,"APOE_TREM2_TYROBP","APOE - TREM2","ApoE","Cell-Cell Contact","uniprot;PMID:27477015"
"MTC_Prolif","MTC_Prolif","APOE","TREM2_TYROBP",0.218546750077226,0,"APOE_TREM2_TYROBP","APOE - TREM2","ApoE","Cell-Cell Contact","uniprot;PMID:27477015"
"MTC_Prolif","MONO","LAIR1","LILRB4",0.00846156468842833,0.96,"LAIR1_LILRB4","LAIR1 - LILRB4","LAIR1","Cell-Cell Contact","PMID:19283782"
"MONO","MTC_123","LAIR1","LILRB4",0.0118864343842804,0.7,"LAIR1_LILRB4","LAIR1 - LILRB4","LAIR1","Cell-Cell Contact","PMID:19283782"
"MTC_123","MTC_123","LAIR1","LILRB4",0.0119955303705174,0.79,"LAIR1_LILRB4","LAIR1 - LILRB4","LAIR1","Cell-Cell Contact","PMID:19283782"
"MTC_456","MTC_123","LAIR1","LILRB4",0.0310753828274267,0,"LAIR1_LILRB4","LAIR1 - LILRB4","LAIR1","Cell-Cell Contact","PMID:19283782"
"MTC_Prolif","MTC_123","LAIR1","LILRB4",0.0329285243378545,0,"LAIR1_LILRB4","LAIR1 - LILRB4","LAIR1","Cell-Cell Contact","PMID:19283782"
"MONO","MTC_456","LAIR1","LILRB4",0.0109606754668535,0.71,"LAIR1_LILRB4","LAIR1 - LILRB4","LAIR1","Cell-Cell Contact","PMID:19283782"
"MTC_123","MTC_456","LAIR1","LILRB4",0.0110613697760568,0.79,"LAIR1_LILRB4","LAIR1 - LILRB4","LAIR1","Cell-Cell Contact","PMID:19283782"
"MTC_456","MTC_456","LAIR1","LILRB4",0.0286985245723679,0,"LAIR1_LILRB4","LAIR1 - LILRB4","LAIR1","Cell-Cell Contact","PMID:19283782"
"MTC_Prolif","MTC_456","LAIR1","LILRB4",0.0304143743435551,0,"LAIR1_LILRB4","LAIR1 - LILRB4","LAIR1","Cell-Cell Contact","PMID:19283782"
"MONO","MTC_Prolif","LAIR1","LILRB4",0.00847918093022233,0.88,"LAIR1_LILRB4","LAIR1 - LILRB4","LAIR1","Cell-Cell Contact","PMID:19283782"
"MTC_123","MTC_Prolif","LAIR1","LILRB4",0.00855727531334998,0.96,"LAIR1_LILRB4","LAIR1 - LILRB4","LAIR1","Cell-Cell Contact","PMID:19283782"
"MTC_456","MTC_Prolif","LAIR1","LILRB4",0.0222916969415354,0.04,"LAIR1_LILRB4","LAIR1 - LILRB4","LAIR1","Cell-Cell Contact","PMID:19283782"
"MTC_Prolif","MTC_Prolif","LAIR1","LILRB4",0.0236338108744587,0.09,"LAIR1_LILRB4","LAIR1 - LILRB4","LAIR1","Cell-Cell Contact","PMID:19283782"
"NEUT","MTC_Prolif","LAIR1","LILRB4",0.00697663035508111,0.85,"LAIR1_LILRB4","LAIR1 - LILRB4","LAIR1","Cell-Cell Contact","PMID:19283782"
"MTC_456","NEUT","LAIR1","LILRB4",0.00839624147403,0.97,"LAIR1_LILRB4","LAIR1 - LILRB4","LAIR1","Cell-Cell Contact","PMID:19283782"
"MTC_Prolif","NEUT","LAIR1","LILRB4",0.00890937667799188,0.85,"LAIR1_LILRB4","LAIR1 - LILRB4","LAIR1","Cell-Cell Contact","PMID:19283782"
