assay,ID,logFC,AveExpr,t,P.Value,adj.P.Val,B,z.std,diffexpressed,cluster,pos_avgLFC,avg_LFC,gene
T Cells,HLA-DRB5,-2.967715211373454,5.557420245454282,-3.849713872677075,6.893348602173203e-4,0.010757521118953263,-0.33142937194380906,-3.3937862027877,NS,Good_T Cells,-2.631906920026284,-1.9739301900197128,HLA-DRB5
MONO,HLA-DRB5,-3.456700750566969,7.54145743996542,-3.7871940483324256,7.560247835006436e-4,0.011197964768495838,-0.6322923959814153,-3.3684121785757566,NS,Good_MONO,-2.631906920026284,-1.9739301900197128,HLA-DRB5
Myeloid,HLA-DRB5,-1.4713047981384282,7.282220226932126,-1.3580639539163808,0.18424400586306525,0.35018730740817755,-5.406471916675516,-1.3278005480405335,NS,Good_Myeloid,-2.631906920026284,-1.9739301900197128,HLA-DRB5
NEUT,CXCL2,-3.2515476696993675,7.290868569294093,-4.916696095327053,4.4355541759031426e-5,0.002570942481745434,1.867083387587213,-4.083536064519297,NS,Good_NEUT,-2.3487151472197945,-1.7615363604148457,CXCL2
Myeloid,CXCL2,-2.15415541842932,1.1841220271230568,-2.9159975518668477,0.01440665565815544,0.06599860817503951,-2.4831132876298834,-2.4469606758196836,NS,Good_Myeloid,-2.3487151472197945,-1.7615363604148457,CXCL2
MONO,CXCL2,-1.6404423535306956,7.703611955779788,-2.0837966909920707,0.04644828172342742,0.1416700800293125,-4.235430557834624,-1.9912966665956768,NS,Good_MONO,-2.3487151472197945,-1.7615363604148457,CXCL2
Myeloid,CD52,-3.639185636654331,0.9983745809621929,-4.738476065457929,7.807413876656875e-5,0.0033181992277372253,2.0277346770108906,-3.950236102112311,NS,Good_Myeloid,-1.6364859763088209,-1.6364859763088209,CD52
MONO,CD52,-2.191051020982856,8.957983317899757,-3.9853028873904526,9.911655478468254e-4,0.013153195689635576,-0.2293823695509234,-3.293022464854049,NS,Good_MONO,-1.6364859763088209,-1.6364859763088209,CD52
NEUT,CD52,-0.6952054462192407,10.198204883022399,-1.8619743228726267,0.0745231330924489,0.19307988090431263,-4.789523376356889,-1.783388197848008,NS,Good_NEUT,-1.6364859763088209,-1.6364859763088209,CD52
T Cells,CD52,-0.020501801378856044,10.469065718861076,-0.08956717051589155,0.92917629131807,0.9593921462951007,-6.430450729131623,-0.08888124192522216,NS,Good_T Cells,-1.6364859763088209,-1.6364859763088209,CD52
MONO,AREG,-2.544343442648641,7.938605624796857,-4.288579879348148,7.256504350121506e-4,0.010977638680607889,0.6180670965322612,-3.3796997957761525,NS,Good_MONO,-1.5661270531943337,-1.5661270531943337,AREG
Myeloid,AREG,-2.3719457972555915,1.766229263547152,-2.352200241678538,0.025106204221502473,0.09399715185134243,-3.7617685031041623,-2.239764676563571,NS,Good_Myeloid,-1.5661270531943337,-1.5661270531943337,AREG
NEUT,AREG,-0.846732779805202,8.596892266883588,-1.5276799482480115,0.1423063940716467,0.2951728155072424,-5.376297772231457,-1.467256125691424,NS,Good_NEUT,-1.5661270531943337,-1.5661270531943337,AREG
T Cells,AREG,-0.5014861930679002,7.673066902604908,-0.9444530378683895,0.3536600383790952,0.5342400442938282,-5.857286015084887,-0.9275133986918033,NS,Good_T Cells,-1.5661270531943337,-1.5661270531943337,AREG
NEUT,SPP1,-3.050572839877578,9.605009533362654,-3.8875121870996794,6.182975237872877e-4,0.010098554674756573,-0.5615205298387007,-3.4234582341631294,NS,Good_NEUT,-1.546084610289511,-1.546084610289511,SPP1
T Cells,SPP1,-2.330652032145571,10.655188187001908,-2.8232583336166264,0.008021664005712071,0.04524709176977364,-2.8684737404783354,-2.6511565945025204,NS,Good_T Cells,-1.546084610289511,-1.546084610289511,SPP1
MONO,SPP1,-0.3420713975751042,11.51231740277137,-0.5900262702862266,0.5596204168889878,0.7094690240545314,-6.485036459904863,-0.5834054098024178,NS,Good_MONO,-1.546084610289511,-1.546084610289511,SPP1
Myeloid,SPP1,-0.4610421715597912,13.935758484063108,-0.568201267206023,0.5742352729078564,0.720428572032912,-6.0988903677485355,-0.5618249768666482,NS,Good_Myeloid,-1.546084610289511,-1.546084610289511,SPP1
NEUT,ALOX5AP,-3.411910023305418,6.947907164899715,-5.310492816957931,5.485316791250347e-5,0.0028433513001030557,2.951921234712165,-4.03392356226135,NS,Good_NEUT,-1.4877722236680002,-1.4877722236680002,ALOX5AP
T Cells,ALOX5AP,-0.9988242306476112,9.057276246493926,-3.57215519902501,0.0011329837927401317,0.014302445727122881,-1.0570395575657399,-3.25523549010174,NS,Good_T Cells,-1.4877722236680002,-1.4877722236680002,ALOX5AP
MONO,ALOX5AP,-1.1251649575497353,9.087476325131227,-2.350166088322228,0.030986227143332226,0.10783890745138884,-3.8197654618411305,-2.157249529937851,NS,Good_MONO,-1.4877722236680002,-1.4877722236680002,ALOX5AP
Myeloid,ALOX5AP,-0.41518968316923655,9.955026291207965,-1.2324847763338074,0.22753732543117844,0.40308698116095326,-5.516694236223615,-1.2067269272892112,NS,Good_Myeloid,-1.4877722236680002,-1.4877722236680002,ALOX5AP
MONO,THBD,-1.8118182052306189,6.592936389840213,-4.721930215519318,5.17613642161958e-5,0.0027409938719952895,1.7639275070167457,-4.047528124377266,NS,Good_MONO,-1.5857680111169212,-1.1893260083376909,THBD
NEUT,THBD,-1.2907414560923538,7.212219771034371,-3.106104356376652,0.005389687283030431,0.03532196642691361,-2.3483447565417688,-2.7827707595641753,NS,Good_NEUT,-1.5857680111169212,-1.1893260083376909,THBD
Myeloid,THBD,-1.6547443720277908,3.2202731747705102,-2.167208511369568,0.03794122243269123,0.12331734968482304,-4.105347690876051,-2.0754891605351906,NS,Good_Myeloid,-1.5857680111169212,-1.1893260083376909,THBD
MONO,FGR,-1.5422945219732158,7.653897901088929,-4.8158109939656235,1.0258949887009495e-4,0.003805080564023299,1.821824318467245,-3.8843843768882906,NS,Good_MONO,-1.180447045350506,-1.180447045350506,FGR
T Cells,FGR,-1.0316421138347422,6.524201277560071,-3.866848784315989,0.001217412237241622,0.014833103251920892,-0.30671615166272925,-3.2347689013110297,NS,Good_T Cells,-1.180447045350506,-1.180447045350506,FGR
NEUT,FGR,-0.38150987477776077,8.583410703442558,-2.7625772104690776,0.011211955752986365,0.055998699255407666,-3.1002747151297934,-2.5360224144154078,NS,Good_NEUT,-1.180447045350506,-1.180447045350506,FGR
Myeloid,FGR,-1.7663416708163053,3.3051136218559924,-2.434350672217737,0.020841099119319962,0.08318538377240221,-3.601734413026201,-2.310850769452892,NS,Good_Myeloid,-1.180447045350506,-1.180447045350506,FGR
MONO,CSTA,-2.177932417772758,7.973193971047397,-4.894040867704104,1.1577886625322856e-4,0.004058141150164751,2.1439272898915283,-3.8548959371387124,NS,Good_MONO,-1.569754912592491,-1.1773161844443683,CSTA
NEUT,CSTA,-0.9398731917696912,8.850140907419773,-3.5413996853206005,0.001743960864041325,0.018173734686059716,-1.3847169587610892,-3.130690100106519,NS,Good_NEUT,-1.569754912592491,-1.1773161844443683,CSTA
Myeloid,CSTA,-1.591459128235024,2.0809489695572627,-2.23563226764586,0.03387488736680068,0.11432450906827031,-3.869892026103908,-2.1215578232181556,NS,Good_Myeloid,-1.569754912592491,-1.1773161844443683,CSTA
MONO,CKS2,-1.8649893065293806,6.890200302361974,-6.448547129120773,1.0222156766840122e-6,4.180104920840066e-4,5.547858754784997,-4.887312890828024,NS,Good_MONO,-1.1554816470877491,-1.1554816470877491,CKS2
NEUT,CKS2,-1.7651923041135564,7.234332046492228,-6.187219932235741,2.006544094784632e-6,5.608671734308133e-4,4.698802874189414,-4.7527641034015815,NS,Good_NEUT,-1.1554816470877491,-1.1554816470877491,CKS2
T Cells,CKS2,-0.4094741086304605,6.949192394678701,-2.2876556485101673,0.02874685522611377,0.10266667590215821,-4.012147386999384,-2.18694067311595,NS,Good_T Cells,-1.1554816470877491,-1.1554816470877491,CKS2
Myeloid,CKS2,-0.5822708690775995,6.5534341851682925,-1.6959002749034533,0.0998011361420547,0.23386844397430226,-4.922091520135762,-1.6458184812573413,NS,Good_Myeloid,-1.1554816470877491,-1.1554816470877491,CKS2
T Cells,AC114760.2,-2.4992123081744957,7.05749562113918,-6.055755586813131,8.574052066895548e-7,3.787433051740415e-4,5.383959832711318,-4.921825794064758,NS,Good_T Cells,-2.2695608211636227,-1.1347804105818113,AC114760.2
Myeloid,AC114760.2,-2.0399093341527497,5.405071953045663,-4.4611628254757205,2.3961222248682063e-4,0.005966262905128624,1.2386836570409496,-3.673114316939878,NS,Good_Myeloid,-2.2695608211636227,-1.1347804105818113,AC114760.2
MONO,SELL,-2.256415663264527,7.117711299455856,-5.181006146033537,2.0726104262463945e-5,0.0017468466958920946,2.5946787606613535,-4.256921549249853,NS,Good_MONO,-1.1180175587415133,-1.1180175587415133,SELL
T Cells,SELL,-0.899276506400545,7.143376406811166,-3.3468223279608615,0.002062559735648542,0.02004641024761932,-1.6247465400439314,-3.0810731456163922,NS,Good_T Cells,-1.1180175587415133,-1.1180175587415133,SELL
NEUT,SELL,-0.6283900383472716,7.424007805543871,-2.4788321233789326,0.02020484687772128,0.08146127967022847,-3.6722947246568363,-2.3225219691854946,NS,Good_NEUT,-1.1180175587415133,-1.1180175587415133,SELL
Myeloid,SELL,-0.6879880269537098,4.311542583727521,-1.7811136846056812,0.08536904946356398,0.21048675192657657,-4.748292063519415,-1.7203488461223466,NS,Good_Myeloid,-1.1180175587415133,-1.1180175587415133,SELL
NEUT,RGS1,-2.3517745394262675,7.0603116895075235,-4.862299126047071,2.0069722406437486e-4,0.005478116318652071,1.8331308832889128,-3.7181372528788454,NS,Good_NEUT,-1.1097705479955304,-1.1097705479955304,RGS1
T Cells,RGS1,-1.3190629931923663,8.972514313453313,-3.011274150795868,0.007134044786913886,0.04196429861071721,-2.3821830559043797,-2.690521453623121,NS,Good_T Cells,-1.1097705479955304,-1.1097705479955304,RGS1
Myeloid,RGS1,-0.7311590993999157,10.684910747690914,-1.3889118658985973,0.17472692420373037,0.3383956966910357,-5.29988351686925,-1.3571708701497427,NS,Good_Myeloid,-1.1097705479955304,-1.1097705479955304,RGS1
MONO,RGS1,-0.03708555996357177,9.247324487312689,-0.09005519417106439,0.9288816192446077,0.9592014551140772,-6.191368178965455,-0.08925202638159395,NS,Good_MONO,-1.1097705479955304,-1.1097705479955304,RGS1
MONO,RBM3,-1.7153682130738117,8.47054650531475,-7.996104373971771,5.341269124342182e-8,1.2106713825848712e-4,10.180462009839442,-5.439558759009514,NS,Good_MONO,-1.1082560172859142,-1.1082560172859142,RBM3
T Cells,RBM3,-0.9510824263509523,8.259821085602608,-5.7050224828779355,2.3549102837731334e-6,6.117779868973921e-4,4.792795233207639,-4.720305208347434,NS,Good_T Cells,-1.1082560172859142,-1.1082560172859142,RBM3
NEUT,RBM3,-0.9597835675881505,8.61618194572689,-4.529347068518833,1.403553671563143e-4,0.0045578341434496066,0.9041286022187567,-3.8075411894423166,NS,Good_NEUT,-1.1082560172859142,-1.1082560172859142,RBM3
Myeloid,RBM3,-0.8067898621307421,7.714695521231701,-2.8231908444645173,0.008184308450573302,0.0457881680277577,-2.7615601503246037,-2.644370221910249,NS,Good_Myeloid,-1.1082560172859142,-1.1082560172859142,RBM3
T Cells,IRF8,-2.359369078618472,6.022404153940085,-6.684415688344568,1.5050860248523566e-7,1.5826337905137973e-4,7.08203710076609,-5.25193619724358,NS,Good_T Cells,-1.0792923534120262,-1.0792923534120262,IRF8
Myeloid,IRF8,-0.6801840353016164,8.124471422500132,-3.6594240331543637,0.0010052852094172158,0.013273657692938978,-0.8200449653715189,-3.289043400384999,NS,Good_Myeloid,-1.0792923534120262,-1.0792923534120262,IRF8
NEUT,IRF8,-0.9245961913058149,6.78336333074088,-3.5621524743288018,0.0016112021962375119,0.017370751136602806,-1.298707596469173,-3.1538711255938083,NS,Good_NEUT,-1.0792923534120262,-1.0792923534120262,IRF8
MONO,IRF8,-0.3530201084222018,7.285601062792966,-1.4177607742154998,0.17420386331003684,0.3376758547035728,-5.376720461604861,-1.3588192768360714,NS,Good_MONO,-1.0792923534120262,-1.0792923534120262,IRF8
T Cells,IFITM1,-1.7732497051335523,8.321302041234365,-5.392499831599288,6.550544652764279e-6,9.470023303319553e-4,3.6011284253024387,-4.507792968392506,NS,Good_T Cells,-2.0698022269512615,-1.0349011134756307,IFITM1
Myeloid,IFITM1,-2.366354748768971,0.32653508418797267,-4.070514635639057,2.9488521370113984e-4,0.0066725958709666,0.2671003428706671,-3.6197522559436077,NS,Good_Myeloid,-2.0698022269512615,-1.0349011134756307,IFITM1
Myeloid,FPR2,-2.1042181618388796,2.369948416956747,-3.3216723518630062,0.0022794409041793375,0.02114899749835636,-1.6296220349578583,-3.0511797209454863,NS,Good_Myeloid,-1.345184852535165,-1.0088886394013739,FPR2
MONO,FPR2,-1.4307604383618808,5.693650135856653,-3.4106495876699183,0.004816090494208599,0.032986634706300956,-1.5902003632155006,-2.819084053016273,NS,Good_MONO,-1.345184852535165,-1.0088886394013739,FPR2
NEUT,FPR2,-0.5005759574047346,6.595240779064141,-1.30577425078502,0.2036710027518374,0.37450770944841977,-5.505161111812924,-1.2711620546355267,NS,Good_NEUT,-1.345184852535165,-1.0088886394013739,FPR2
NEUT,ISG15,-2.5340747085541393,8.297173632921556,-4.981590344830997,3.964059683575163e-5,0.0024394885258509167,1.9543804128823696,-4.1095645100851375,NS,Good_NEUT,-1.007650773936336,-1.007650773936336,ISG15
MONO,ISG15,-0.8959950620522221,7.615501510522454,-2.693100610309829,0.012639398000533106,0.06067454830854465,-3.218807511282655,-2.493771222281727,NS,Good_MONO,-1.007650773936336,-1.007650773936336,ISG15
T Cells,ISG15,-0.2757388697122778,7.938525032796646,-1.302259986353888,0.2024013869303466,0.37294955158510623,-5.375068173260705,-1.2747397088826016,NS,Good_T Cells,-1.007650773936336,-1.007650773936336,ISG15
Myeloid,ISG15,-0.32479445542670504,6.323191922179638,-0.8505683615494019,0.40258509113064,0.57891924865504,-5.908956194525098,-0.837013301818631,NS,Good_Myeloid,-1.007650773936336,-1.007650773936336,ISG15
MONO,AC103591.3,-2.23061006375862,6.270136187038298,-7.591301957567893,2.2442442490549482e-8,8.211798171544345e-5,8.040373729750428,-5.59203433484686,NS,Good_MONO,-2.0042830530455436,-1.0021415265227718,AC103591.3
Myeloid,AC103591.3,-1.777956042332467,7.082406584921264,-4.524698976422704,1.6324456696631434e-4,0.004911126059605113,1.4083241581970611,-3.7700045565478524,NS,Good_Myeloid,-2.0042830530455436,-1.0021415265227718,AC103591.3
T Cells,MYC,-2.0851111583318103,5.93468139793303,-6.893784218608456,7.657160524343826e-7,3.787433051740415e-4,7.176855396003438,-4.943908622076159,NS,Good_T Cells,-0.992293327757233,-0.992293327757233,MYC
NEUT,MYC,-0.7127947691307961,5.846455979452385,-3.1578985360415888,0.0041686687208631135,0.029937679089797803,-2.16066179945161,-2.8651081283257898,NS,Good_NEUT,-0.992293327757233,-0.992293327757233,MYC
MONO,MYC,-0.49296446041996234,5.901694322601116,-1.9994648452190686,0.05593030414866876,0.15993952035883235,-4.561689238846625,-1.911578305552565,NS,Good_MONO,-0.992293327757233,-0.992293327757233,MYC
Myeloid,MYC,-0.6783029231463633,5.433502504307397,-1.64304993662599,0.1141186337098527,0.25570448194631834,-5.010282858305694,-1.5799486189370004,NS,Good_Myeloid,-0.992293327757233,-0.992293327757233,MYC
MONO,MT2A,-1.9939267476373583,8.783703222895287,-5.360132800850932,1.0493091630872285e-5,0.0012748594049788518,2.986694074114226,-4.406754678029189,NS,Good_MONO,-0.9813031578802726,-0.9813031578802726,MT2A
T Cells,MT2A,-0.5955500917853724,8.557219940101836,-1.9909860561859474,0.05497272192624321,0.158184472970459,-4.4696611229167935,-1.9190917614413325,NS,Good_T Cells,-0.9813031578802726,-0.9813031578802726,MT2A
NEUT,MT2A,-0.6371750952601083,9.291980797514654,-1.6504207216399582,0.11135883133307253,0.2514598336738836,-5.1343205623125945,-1.5921151601118477,NS,Good_NEUT,-0.9813031578802726,-0.9813031578802726,MT2A
Myeloid,MT2A,-0.6985606968382512,8.043955670558987,-1.0093969220646433,0.3205010332411727,0.5022853757450717,-5.797970441717128,-0.9934287980584675,NS,Good_Myeloid,-0.9813031578802726,-0.9813031578802726,MT2A
Myeloid,NKG7,-2.721156565842222,2.894412187958931,-3.9096791051356776,4.6426395023610597e-4,0.008536117026739128,-0.15813555747599484,-3.5005701959530744,NS,Good_Myeloid,-1.2847375493284319,-0.9635531619963239,NKG7
MONO,NKG7,-1.1687907753545437,5.600241938008979,-2.425943778300368,0.022536296287438952,0.08747521438200509,-3.52758512379115,-2.2812053845133176,NS,Good_MONO,-1.2847375493284319,-0.9635531619963239,NKG7
T Cells,NKG7,0.03573469321147016,11.965032599899038,0.13595237749048483,0.8926905619574593,0.9368037553594007,-6.385383304638018,0.13490047756934995,NS,Bad_T Cells,-1.2847375493284319,-0.9635531619963239,NKG7
Myeloid,FCN1,-3.2518796310480202,0.3171961591889115,-5.680014186623591,2.988510228898087e-6,6.458331059242849e-4,4.405919773491346,-4.671607910968399,NS,Good_Myeloid,-1.2846629839299246,-0.9634972379474435,FCN1
NEUT,FCN1,0.6534104766330966,10.905295610613688,3.4451561979782084,0.0019395881165820872,0.01924943136645647,-1.590853903764831,3.099330060527009,NS,Bad_NEUT,-1.2846629839299246,-0.9634972379474435,FCN1
MONO,FCN1,-1.2555197973748502,9.513280062733493,-3.059727344563475,0.008122752420368327,0.045605547659947475,-2.3252493193910273,-2.646924340095129,NS,Good_MONO,-1.2846629839299246,-0.9634972379474435,FCN1
NEUT,HES1,-1.9809024279947378,7.959919689086441,-5.628874394844976,9.068878794856985e-6,0.0011575663673296646,3.6957028004274415,-4.4382605765923495,NS,Good_NEUT,-1.281553251107644,-0.9611649383307329,HES1
MONO,HES1,-2.0430192809514347,7.664448306874111,-7.141421473706099,3.8753207883438626e-5,0.002420952285593372,7.530793963912504,-4.114789991623109,NS,Good_MONO,-1.281553251107644,-0.9611649383307329,HES1
Myeloid,HES1,0.17926195562324088,6.867849641504423,0.3172698073845525,0.7532719180750376,0.8493974618257151,-6.167639967003178,0.31432802123544157,NS,Bad_Myeloid,-1.281553251107644,-0.9611649383307329,HES1
MONO,SMIM25,-1.6272840704153477,8.458868990181927,-3.7830554764069175,7.019246712046223e-4,0.010842464223142627,-0.597913770009213,-3.3888262702481167,NS,Good_MONO,-1.227306754305062,-0.9204800657287966,SMIM25
NEUT,SMIM25,-0.7005592655806634,9.612533281911924,-2.968647447517098,0.006324547415926281,0.038999903948194393,-2.6470524794248043,-2.7304627806110076,NS,Good_NEUT,-1.227306754305062,-0.9204800657287966,SMIM25
Myeloid,SMIM25,-1.354076926919175,3.209437169095311,-2.608559483616578,0.01582171642200236,0.07004687646088983,-3.268623673685614,-2.413002376179954,NS,Good_Myeloid,-1.227306754305062,-0.9204800657287966,SMIM25
Myeloid,AC051619.7,-3.5750751954655566,1.542893091658701,-5.237038207077048,1.2122436809473119e-5,0.0013423364390712054,3.319511146031605,-4.375374147183617,NS,Good_Myeloid,-3.5750751954655566,-0.8937687988663892,AC051619.7
MONO,INSIG1,-1.7331474336281434,7.23562004117233,-5.769614059959429,2.1267479425855198e-5,0.0017856596223640093,4.043433535778751,-4.251150916654095,NS,Good_MONO,-0.8778701097636763,-0.8778701097636763,INSIG1
T Cells,INSIG1,-0.7849393487288054,6.21899778749351,-2.661102401283303,0.011973777674148835,0.058483733377694,-3.1026106537531444,-2.5129161905283426,NS,Good_T Cells,-0.8778701097636763,-0.8778701097636763,INSIG1
Myeloid,INSIG1,-0.5025986708578647,6.174884839135242,-1.4894998750057729,0.14726612380684814,0.3017121908803203,-5.093842447564115,-1.4492559284543993,NS,Good_Myeloid,-0.8778701097636763,-0.8778701097636763,INSIG1
NEUT,INSIG1,-0.4907949858398917,7.696503875268078,-1.4322246798456906,0.16547655851410295,0.3267669103978086,-5.4367891543999765,-1.3868858983194832,NS,Good_NEUT,-0.8778701097636763,-0.8778701097636763,INSIG1
MONO,LSP1,-1.909999060791109,8.503911320085237,-7.249447569021477,8.131545128957593e-8,1.2825769966974396e-4,7.902092725173176,-5.3641851745787354,NS,Good_MONO,-0.8339423304007654,-0.8339423304007654,LSP1
NEUT,LSP1,-0.667759447096568,8.925893733182562,-3.0819086511085074,0.005017879510041215,0.03382320370596158,-2.3891343650421244,-2.805883728699534,NS,Good_NEUT,-0.8339423304007654,-0.8339423304007654,LSP1
T Cells,LSP1,-0.5106155197844657,8.93615479834971,-2.457429713635054,0.019869273373946544,0.08074223309596754,-3.5339142289004752,-2.3288073592407157,NS,Good_T Cells,-0.8339423304007654,-0.8339423304007654,LSP1
Myeloid,LSP1,-0.24739529393091875,4.0673777184339395,-0.3106750126420043,0.7582870232513115,0.8519656903643112,-6.143624667098334,-0.30773100762388594,NS,Good_Myeloid,-0.8339423304007654,-0.8339423304007654,LSP1
T Cells,CCL3,-1.1353431775713627,10.862977878714537,-3.785333131309412,6.291793858302843e-4,0.010200836415495108,-0.5070626911765492,-3.4187134893971654,NS,Good_T Cells,-0.8228579182126246,-0.8228579182126246,CCL3
NEUT,CCL3,-1.6296325766626687,9.601852301734958,-3.617774418732523,0.0015375099025734574,0.01690801477521269,-1.176220372185882,-3.1675089256916786,NS,Good_NEUT,-0.8228579182126246,-0.8228579182126246,CCL3
Myeloid,CCL3,-0.36323304133807355,12.971699994922739,-0.9698108735741163,0.339941906254027,0.5208935656027635,-5.801624235925539,-0.954280044917209,NS,Good_Myeloid,-0.8228579182126246,-0.8228579182126246,CCL3
MONO,CCL3,-0.16322287727839324,11.453421254391458,-0.37615808976674947,0.7095643234064084,0.8193624386253894,-6.383071669419726,-0.37244128074055316,NS,Good_MONO,-0.8228579182126246,-0.8228579182126246,CCL3
NEUT,RNASE6,-2.0545778117198514,6.247373013694277,-4.434213441386993,2.3143748043027334e-4,0.005852929251201593,0.7697552204037628,-3.6819712879425235,NS,Good_NEUT,-1.0938117708664272,-0.8203588281498204,RNASE6
MONO,RNASE6,-0.9350900777276712,7.908710494894275,-3.4629029182438837,0.0018322399274627002,0.018653800113737816,-1.4896126337577584,-3.1161581293045266,NS,Good_MONO,-1.0938117708664272,-0.8203588281498204,RNASE6
Myeloid,RNASE6,-0.2917674231517591,7.41580889318931,-0.8478417812525322,0.40317830442420555,0.579424770441015,-5.905891377432813,-0.8359584034825688,NS,Good_Myeloid,-1.0938117708664272,-0.8203588281498204,RNASE6
NEUT,OLR1,-1.734547776292727,7.464985687111156,-5.193641990232861,2.0349119244794334e-5,0.001733012859942101,2.606273666345481,-4.261025300651348,NS,Good_NEUT,-0.8087340392980122,-0.8087340392980122,OLR1
T Cells,OLR1,-1.0263032665764955,6.3399070726787325,-2.473819728994176,0.01935633034120756,0.07958042945346218,-3.451846919632161,-2.3385964185624317,NS,Good_T Cells,-0.8087340392980122,-0.8087340392980122,OLR1
MONO,OLR1,-0.40192504943959495,8.020317358906432,-1.5462471611610835,0.1325989067833173,0.28195611388043695,-5.500049136306658,-1.5039318824621124,NS,Good_MONO,-0.8087340392980122,-0.8087340392980122,OLR1
Myeloid,OLR1,-0.07216006488323146,9.739117057181039,-0.3392951563474358,0.7368356516584487,0.8371047414684295,-6.045690563146947,-0.3360466985937592,NS,Good_Myeloid,-0.8087340392980122,-0.8087340392980122,OLR1
Myeloid,C15orf48,-3.2257488217741663,1.7597443748321098,-3.2301097569274577,0.0034611765599324544,0.026976120857937668,-1.7709555380860378,-2.9235023110116285,NS,Good_Myeloid,-3.2257488217741663,-0.8064372054435416,C15orf48
Myeloid,AC012313.1,-3.113846948823399,0.6079115246449676,-5.073207077911087,1.8119957033172465e-5,0.0016489907170469092,2.701539990303967,-4.286880664035247,NS,Good_Myeloid,-3.113846948823399,-0.7784617372058498,AC012313.1
MONO,PLAC8,-1.7801082088811189,6.9949817684063875,-4.472884466045548,0.0012511959593372146,0.015056626252907015,0.9912697824619965,-3.2269447984213677,NS,Good_MONO,-0.7782863678953721,-0.7782863678953721,PLAC8
T Cells,PLAC8,-0.6686724879447716,8.863842551587327,-2.8521195460801367,0.008287376419493562,0.04617992012677432,-2.791661313099584,-2.64013190767389,NS,Good_T Cells,-0.7782863678953721,-0.7782863678953721,PLAC8
Myeloid,PLAC8,-0.5614325531936086,3.231581285256245,-1.0163132813426294,0.319734731732024,0.5016257439507321,-5.6920212049969425,-0.9950031512003182,NS,Good_Myeloid,-0.7782863678953721,-0.7782863678953721,PLAC8
NEUT,PLAC8,-0.10293222156198922,8.174856049829403,-0.3615427057212825,0.7205966041305754,0.8266085305148761,-6.390349307937569,-0.35766155886895745,NS,Good_NEUT,-0.7782863678953721,-0.7782863678953721,PLAC8
MONO,EHD1,-1.7457461779970465,5.699044878584313,-4.387115719079715,1.50497045651842e-4,0.004700531488096146,0.7351564334202898,-3.790247840096471,NS,Good_MONO,-0.7453874730078437,-0.7453874730078437,EHD1
Myeloid,EHD1,-0.9259002361832919,2.909987879026101,-2.363685458397773,0.024636093250950706,0.09270862494333564,-3.755102545997314,-2.247061558382782,NS,Good_Myeloid,-0.7453874730078437,-0.7453874730078437,EHD1
T Cells,EHD1,-0.28891785217579535,6.719929010883587,-1.6749233371641044,0.10346670638676961,0.23930565713066868,-5.100949478992234,-1.6282744414137997,NS,Good_T Cells,-0.7453874730078437,-0.7453874730078437,EHD1
NEUT,EHD1,-0.020985625675240982,6.834857038385795,-0.06482317248150532,0.9488391189713707,0.9722428489601908,-6.254785477410545,-0.06416465704600431,NS,Good_NEUT,-0.7453874730078437,-0.7453874730078437,EHD1
Myeloid,DDX43,-2.938766572401457,0.22779389106229486,-3.313115142155922,0.0023529936931979342,0.02149321283682085,-1.5722536944782979,-3.041632001504756,NS,Good_Myeloid,-2.938766572401457,-0.7346916431003643,DDX43
MONO,AZI2,-1.50541911945784,6.691078930732397,-4.487728060958839,1.0880670101332583e-4,0.003906779791506115,1.0481624327342223,-3.8700641896764676,NS,Good_MONO,-0.7236874037162082,-0.7236874037162082,AZI2
NEUT,AZI2,-1.1038804494400427,7.037115888479395,-3.652015078931259,0.001183189151476741,0.01462888177094591,-1.1040764921663095,-3.24290196622279,NS,Good_NEUT,-0.7236874037162082,-0.7236874037162082,AZI2
T Cells,AZI2,-0.17523655679757066,5.582429477035197,-0.7556597094766075,0.45530363831026865,0.624356637966053,-6.069467321308485,-0.7466023353616307,NS,Good_T Cells,-0.7236874037162082,-0.7236874037162082,AZI2
Myeloid,AZI2,-0.11021348916937956,4.927069698667831,-0.5811112844911528,0.5653195608305779,0.7136673160988405,-6.085331678928114,-0.5749582092529778,NS,Good_Myeloid,-0.7236874037162082,-0.7236874037162082,AZI2
MONO,S100A9,-1.5717147816654151,11.987903726028529,-3.369986796358768,0.002118355103387649,0.020338051040437417,-1.7846437951809815,-3.0731168666329736,NS,Good_MONO,-0.9636937425329652,-0.722770306899724,S100A9
Myeloid,S100A9,-1.256124666839417,5.664711063288423,-1.1841389386230146,0.24930043065948798,0.42764329292494474,-5.603250153077532,-1.1520502360320752,NS,Good_Myeloid,-0.9636937425329652,-0.722770306899724,S100A9
NEUT,S100A9,-0.06324177909406359,12.912550123071894,-0.17120203297056077,0.8658835800063323,0.921161476455148,-6.484352521346478,-0.16888947246002203,NS,Good_NEUT,-0.9636937425329652,-0.722770306899724,S100A9
T Cells,SPI1,-1.769276896496288,5.612894581052052,-4.320059849775264,1.4293706640923872e-4,0.004594671729207923,0.9133691374735138,-3.8030299515784804,NS,Good_T Cells,-0.7177126584793391,-0.7177126584793391,SPI1
MONO,SPI1,-0.5142598115970802,9.242108591569005,-2.596547487880839,0.014835451008588539,0.06719926752239018,-3.4348008529224523,-2.436371218056019,NS,Good_MONO,-0.7177126584793391,-0.7177126584793391,SPI1
Myeloid,SPI1,-0.477612973019383,8.565531905219583,-1.9502944585733724,0.06011786090080007,0.16748960439205993,-4.496930962690353,-1.879928222729454,NS,Good_Myeloid,-0.7177126584793391,-0.7177126584793391,SPI1
NEUT,SPI1,-0.10970095280460512,9.667216268438601,-0.6926060183277333,0.49558774897959246,0.6576268657512986,-6.251438722268502,-0.6814484907408491,NS,Good_NEUT,-0.7177126584793391,-0.7177126584793391,SPI1
MONO,CD55,-1.8995310428446437,8.976666891792528,-5.923140084473855,1.987605138314536e-6,5.608671734308133e-4,4.878031077031309,-4.7546804801500775,NS,Good_MONO,-0.696830677247209,-0.696830677247209,CD55
T Cells,CD55,-0.5468774438623472,7.419912781944155,-2.4757872956547957,0.018794812788758566,0.07815682505740798,-3.5622574373786384,-2.349575880925861,NS,Good_T Cells,-0.696830677247209,-0.696830677247209,CD55
Myeloid,CD55,-0.5425734580042318,5.8775129814085245,-2.3344829952802115,0.027583031262809338,0.09986694480166516,-3.7864644017235407,-2.203166276510916,NS,Good_Myeloid,-0.696830677247209,-0.696830677247209,CD55
NEUT,CD55,0.20165923572238675,9.934920428968287,1.0785580328592936,0.291370999536819,0.47184548706999124,-5.778074692073807,1.055118789721511,NS,Bad_NEUT,-0.696830677247209,-0.696830677247209,CD55
Myeloid,RASL11B,-2.7235222829173527,0.7464141046130078,-4.261338475005238,1.8176407769129727e-4,0.005165655551582016,0.6641378394949697,-3.743099684657178,NS,Good_Myeloid,-2.7235222829173527,-0.6808805707293382,RASL11B
Myeloid,MT1G,-2.7222647532172575,2.162400249959653,-4.202840716790898,2.4391290853050925e-4,0.0060247034073497826,0.4021923502359792,-3.6685679105078233,NS,Good_Myeloid,-2.7222647532172575,-0.6805661883043144,MT1G
MONO,SERPINA1,-1.7901216892072132,9.690359296622153,-6.496489382645141,4.4441124715860995e-7,3.243124766564578e-4,6.316848128709568,-5.048878503353983,NS,Good_MONO,-0.9017543155769164,-0.6763157366826873,SERPINA1
NEUT,SERPINA1,-0.8131959193885248,10.38240962561946,-3.5236710933592654,0.001597918784050268,0.01729059201326068,-1.4271495906886749,-3.156286395256021,NS,Good_NEUT,-0.9017543155769164,-0.6763157366826873,SERPINA1
Myeloid,SERPINA1,-0.10194533813501128,8.142190544689274,-0.22815858357446625,0.8210052681434892,0.8920211735457847,-6.204435253261166,-0.2262522066199053,NS,Good_Myeloid,-0.9017543155769164,-0.6763157366826873,SERPINA1
Myeloid,SIGLEC14,-2.636923264792685,3.937119543944476,-3.149128490660878,0.0038942593447626487,0.028818041169922523,-2.0640800369694494,-2.8866024547906175,NS,Good_Myeloid,-2.636923264792685,-0.6592308161981713,SIGLEC14
MONO,CD36,-2.371044121649364,6.591693481890133,-4.051202411091523,0.001697434598359772,0.017942915653892045,-0.022604667060298844,-3.1386233785396387,NS,Good_MONO,-1.3112146344866051,-0.6556073172433026,CD36
NEUT,CD36,-0.2513851473238464,7.723870225851084,-0.6671630461954882,0.5144910404622698,0.6729498124247502,-6.298125582285641,-0.6518606985085962,NS,Good_NEUT,-1.3112146344866051,-0.6556073172433026,CD36
NEUT,RANBP1,-1.5239096730590616,6.426694919770014,-4.394902065616573,1.7813127408232478e-4,0.005126474648149337,0.6955303856595991,-3.748167512804486,NS,Good_NEUT,-0.8710214323872046,-0.6532660742904035,RANBP1
T Cells,RANBP1,-0.5674918785513281,7.4245197054229495,-2.9547380687113796,0.005983238820393746,0.03765228829636213,-2.508470378768958,-2.748698532692025,NS,Good_T Cells,-0.8710214323872046,-0.6532660742904035,RANBP1
Myeloid,RANBP1,-0.5216627455512244,7.064164611147189,-1.6451524679382155,0.11015422870744375,0.24960756062778586,-4.957448996690994,-1.5975003096770692,NS,Good_Myeloid,-0.8710214323872046,-0.6532660742904035,RANBP1
MONO,NAMPT,-1.5100392507834788,10.030779034093737,-4.997096607728398,2.8171871447161626e-5,0.0021016596800548077,2.42522901024193,-4.187762000272113,NS,Good_MONO,-0.6422360799687508,-0.6422360799687508,NAMPT
T Cells,NAMPT,-0.6435547525113139,6.51954833777894,-2.2590266175746416,0.03065940255520967,0.10706799897803086,-4.049226926896077,-2.16146545632958,NS,Good_T Cells,-0.6422360799687508,-0.6422360799687508,NAMPT
NEUT,NAMPT,-0.2551283243140148,10.781312032433817,-1.6470057891424588,0.1114906799427476,0.2516289037710295,-5.19095518271658,-1.59152853023233,NS,Good_NEUT,-0.6422360799687508,-0.6422360799687508,NAMPT
Myeloid,NAMPT,-0.16022199226619538,7.313730657486864,-0.37722049672054464,0.7086618911156545,0.8188306148090567,-6.197990301528099,-0.3736538143057116,NS,Good_Myeloid,-0.6422360799687508,-0.6422360799687508,NAMPT
Myeloid,MYOZ2,-2.537253690893789,0.2865861776730933,-3.477311181021889,0.0015459600536990973,0.016967142100289993,-1.2473873442529495,-3.165914917624763,NS,Good_Myeloid,-2.537253690893789,-0.6343134227234473,MYOZ2
T Cells,MAFB,-1.6858120496798938,5.648451347169788,-3.8492951792407726,5.200466801154674e-4,0.009165260579671137,-0.34028783142337016,-3.470212536272927,NS,Good_T Cells,-0.6298917599592017,-0.6298917599592017,MAFB
MONO,MAFB,-0.32714768593416554,9.545055570516862,-1.5229043771225823,0.13886045763752985,0.2905910372964305,-5.31180563128153,-1.4800479239088582,NS,Good_MONO,-0.6298917599592017,-0.6298917599592017,MAFB
NEUT,MAFB,-0.2423262198982954,9.991190353137759,-1.286017867550085,0.20995167316980948,0.3819536041304773,-5.581129618208736,-1.2536983355117928,NS,Good_NEUT,-0.6298917599592017,-0.6298917599592017,MAFB
Myeloid,MAFB,-0.26428108432445185,8.880433650329138,-0.782425015242728,0.4398542430472633,0.611250823603848,-5.988604443081422,-0.7724393708354546,NS,Good_Myeloid,-0.6298917599592017,-0.6298917599592017,MAFB
Myeloid,SLX1A,-2.517075461189961,0.8181834592454843,-3.7292661865405097,7.6072941613463e-4,0.01123841937655185,-0.5546490642533071,-3.3667016502435505,NS,Good_Myeloid,-2.517075461189961,-0.6292688652974903,SLX1A
MONO,HBEGF,-1.5592137631700256,7.926449139181653,-4.839391742488966,3.871197191787269e-5,0.002420952285593372,2.0031751004801386,-4.115035566144033,NS,Good_MONO,-0.8361406581291286,-0.6271054935968465,HBEGF
Myeloid,HBEGF,-0.7451477176980389,5.595254710245484,-1.3953213625372305,0.17296882182991724,0.33613460561895914,-5.326931342343496,-1.362726186057488,NS,Good_Myeloid,-0.8361406581291286,-0.6271054935968465,HBEGF
NEUT,HBEGF,-0.20406049351932154,8.960102402310373,-0.8710307920105035,0.39203488674803777,0.5690471550101999,-6.167378515230975,-0.8559329160762512,NS,Good_NEUT,-0.8361406581291286,-0.6271054935968465,HBEGF
Myeloid,AC026979.2,-1.5585657092799816,4.0224992709495835,-5.832088606069056,2.0770625470568005e-6,5.724072067286726e-4,4.706404320171183,-4.745778163649266,NS,Good_Myeloid,-1.2510853499775523,-0.6255426749887761,AC026979.2
T Cells,AC026979.2,-0.9436049906751229,5.900528843130711,-2.8758700014875633,0.007310345199073837,0.04266042354279822,-2.5855168618908024,-2.6823659083538813,NS,Good_T Cells,-1.2510853499775523,-0.6255426749887761,AC026979.2
NEUT,IFI6,-1.8652298820878812,7.404382715597647,-3.4847444051269214,0.0018451590571096324,0.018733242436365472,-1.4948819858681537,-3.1140856702061157,NS,Good_NEUT,-0.6252743887292203,-0.6252743887292203,IFI6
MONO,IFI6,-0.6595874538968456,7.220155868790043,-1.7130131252571943,0.10742608931673432,0.245262914008698,-5.106139364051478,-1.609870687818848,NS,Good_MONO,-0.6252743887292203,-0.6252743887292203,IFI6
Myeloid,IFI6,0.049935187465425024,6.489809125325799,0.10443458539949187,0.9175030018024309,0.952529444560474,-6.256656572980119,0.10357956926588888,NS,Bad_Myeloid,-0.6252743887292203,-0.6252743887292203,IFI6
T Cells,IFI6,-0.026215406397579244,6.7083595477759745,-0.09820516211000885,0.922375267935009,0.9553573290320574,-6.418530714553011,-0.09744215651738491,NS,Good_T Cells,-0.6252743887292203,-0.6252743887292203,IFI6
T Cells,CTSB,-1.5325408313269198,8.031574159916964,-3.5895779349419694,0.0011938297475509608,0.014694620114504078,-0.9989377571921327,-3.2403502150596184,NS,Good_T Cells,-0.6214710563406937,-0.6214710563406937,CTSB
NEUT,CTSB,-0.8149956166514336,9.698164075517168,-3.9622770255426425,0.0015367002210269244,0.016907530782619105,-0.39073359976546307,-3.167662084607673,NS,Good_NEUT,-0.6214710563406937,-0.6214710563406937,CTSB
Myeloid,CTSB,-0.18284959609765394,11.01626117986752,-0.5772925456427487,0.5682508792646626,0.7158414098970771,-6.005091904143025,-0.5706294084609824,NS,Good_Myeloid,-0.6214710563406937,-0.6214710563406937,CTSB
MONO,CTSB,0.044501818713232666,10.311110139732492,0.18189516240594802,0.8572391593718304,0.9150901632625329,-6.450583457380845,0.17988970271435004,NS,Bad_MONO,-0.6214710563406937,-0.6214710563406937,CTSB
Myeloid,BST1,-2.1273244351303715,0.4502651424956391,-3.4201074213254037,0.0017549685671535069,0.01823680748229823,-1.3904175691106166,-3.1288416502934853,NS,Good_Myeloid,-1.2390109220569467,-0.6195054610284734,BST1
NEUT,BST1,-0.350697408983522,6.009112438638787,-1.0300221268035163,0.312574517963919,0.494456700966368,-5.874882218910264,-1.0098346463303876,NS,Good_NEUT,-1.2390109220569467,-0.6195054610284734,BST1
Myeloid,AC138207.7,-2.454920294013472,0.33450716398928515,-4.924355914072901,2.860894767062746e-5,0.0021128521152601856,2.283910617477292,-4.184265593735717,NS,Good_Myeloid,-2.454920294013472,-0.613730073503368,AC138207.7
Myeloid,PSAT1,-2.454755696957959,1.2897248391661476,-3.123984933713699,0.0038214142093665002,0.028508266409199682,-2.106182220674401,-2.8925392585621688,NS,Good_Myeloid,-2.454755696957959,-0.6136889242394897,PSAT1
Myeloid,SMN2,-2.450547343469654,1.2165824201883484,-3.628974273634429,0.001060056695604433,0.013696999386973135,-0.8631351152269433,-3.2740824671985718,NS,Good_Myeloid,-2.450547343469654,-0.6126368358674135,SMN2
Myeloid,AP003117.1,-2.4346493210806783,0.043184141484512086,-4.190181807392521,2.1478541955902963e-4,0.005666537197971915,0.49056199886560403,-3.700959900956011,NS,Good_Myeloid,-2.4346493210806783,-0.6086623302701696,AP003117.1
NEUT,IL10,-1.5542917041575128,6.615569396647723,-3.4856063077558943,0.0018044301772873594,0.01852414094600626,-1.4428436789385408,-3.1206652617295085,NS,Good_NEUT,-0.8110519557430322,-0.6082889668072742,IL10
MONO,IL10,-0.6332861748895429,6.6100335315154055,-1.4505927159848564,0.1575869771578401,0.3163199372420166,-5.415437472866415,-1.4132338484693783,NS,Good_MONO,-0.8110519557430322,-0.6082889668072742,IL10
Myeloid,IL10,-0.24557798818204102,5.997907937935898,-0.8218880365011073,0.4173389539775333,0.5930219486038143,-5.966102633752905,-0.8110465237206085,NS,Good_Myeloid,-0.8110519557430322,-0.6082889668072742,IL10
MONO,IFI30,-1.1447517622893981,11.375918569795445,-3.503061856003273,0.0015052328216397005,0.01668875908736633,-1.347829538701288,-3.1736727803082645,NS,Good_MONO,-0.5625382328786467,-0.5625382328786467,IFI30
T Cells,IFI30,-1.5214694306183225,6.59744484199052,-3.22451666336639,0.0028961863941924146,0.02432711066895617,-1.9083073164669608,-2.978546966752526,NS,Good_T Cells,-0.5625382328786467,-0.5625382328786467,IFI30
Myeloid,IFI30,0.39596348974357376,9.171972048466296,0.9400682063348753,0.35548121543627687,0.5361337666024958,-5.831221136646361,0.9240097962081771,NS,Bad_Myeloid,-0.5625382328786467,-0.5625382328786467,IFI30
NEUT,IFI30,0.02010477164956015,12.215888758481187,0.10716034854201101,0.9155628988113869,0.9514493670114716,-6.479243346481925,0.10602451858179589,NS,Bad_NEUT,-0.5625382328786467,-0.5625382328786467,IFI30
NEUT,MSR1,-1.735070427119079,6.153027299336745,-3.4226312290222216,0.002467667363769173,0.02215082549867922,-1.6573803082879275,-3.02727819831987,NS,Good_NEUT,-0.7352229822714019,-0.5514172367035515,MSR1
MONO,MSR1,-0.3699379189403693,7.169575464218649,-1.1000827058379143,0.2801028061227015,0.46047273840248293,-6.035750128386716,-1.080088424244878,NS,Good_MONO,-0.7352229822714019,-0.5514172367035515,MSR1
Myeloid,MSR1,-0.10066060075475747,7.906280922326248,-0.20488259976988424,0.8395097305057551,0.9045159243243758,-6.219662916019505,-0.2025206320874145,NS,Good_Myeloid,-0.7352229822714019,-0.5514172367035515,MSR1
Myeloid,AC018755.4,-2.1653727923715245,2.934885843965256,-3.2959019612992937,0.0026920734632925295,0.02331220428203736,-1.7272314273501266,-3.0008724024899402,NS,Good_Myeloid,-2.1653727923715245,-0.5413431980928811,AC018755.4
Myeloid,HIST2H2AA4,-2.153129804048117,4.137866391203712,-3.799224434874938,6.385535949926905e-4,0.01030741263496242,-0.41193999368655465,-3.4146869341068307,NS,Good_Myeloid,-2.153129804048117,-0.5382824510120292,HIST2H2AA4
Myeloid,AC008914.1,-2.126817275980887,1.430543938406735,-3.0822660073068664,0.004267045415822165,0.030404936067178135,-2.1597402426444763,-2.8577141897919804,NS,Good_Myeloid,-2.126817275980887,-0.5317043189952217,AC008914.1
Myeloid,AL355816.2,-2.0860915852888886,1.4531497028031826,-4.085107714093489,3.3468410867272265e-4,0.00713395030652306,0.2723962344252566,-3.5868598335211126,NS,Good_Myeloid,-2.0860915852888886,-0.5215228963222222,AL355816.2
MONO,CD300E,-2.331552564330719,6.551425052518821,-3.7020351364117987,8.76068546629684e-4,0.012189883835335024,-0.773415362245701,-3.327570386657716,NS,Good_MONO,-1.0197000570695478,-0.5098500285347739,CD300E
NEUT,CD300E,0.2921524501916233,8.172913320273734,1.2181922510272276,0.23459226080008816,0.41129545875248485,-5.582843158357896,1.1886123118292797,NS,Bad_NEUT,-1.0197000570695478,-0.5098500285347739,CD300E
MONO,CLEC12A,-1.8365540397729285,6.301047515717773,-5.598999623424145,3.2129855697267164e-5,0.002231105262600797,4.061548500497963,-4.157820333709999,NS,Good_MONO,-1.0121957667261081,-0.5060978833630541,CLEC12A
NEUT,CLEC12A,-0.1878374936792877,7.77620780087992,-0.7565911741866772,0.45709941743137417,0.6259639898120685,-5.983461854466828,-0.7436315387991856,NS,Good_NEUT,-1.0121957667261081,-0.5060978833630541,CLEC12A
Myeloid,PTCH2,-1.980515433455695,4.59079643449815,-6.473560109404794,3.2816865144017627e-7,2.58807862896499e-4,6.470309229280924,-5.10650688930422,NS,Good_Myeloid,-1.980515433455695,-0.49512885836392373,PTCH2
Myeloid,SLC4A1,-1.9506236938266142,0.4916964117140857,-3.042836274153645,0.005303979152334718,0.034933860885108595,-2.259169025466867,-2.7879679458388154,NS,Good_Myeloid,-1.9506236938266142,-0.48765592345665354,SLC4A1
Myeloid,TRPM3,-1.935788235667498,1.3835213623842724,-3.037954846306997,0.0048057563043019825,0.03295674245701751,-2.269446343571358,-2.819773464481326,NS,Good_Myeloid,-1.935788235667498,-0.4839470589168745,TRPM3
Myeloid,ARHGAP8,-1.931673353887426,1.9520605635663728,-4.237337065509174,2.3992579747098168e-4,0.005966262905128624,0.5395712843191633,-3.6727802486602537,NS,Good_Myeloid,-1.931673353887426,-0.4829183384718565,ARHGAP8
Myeloid,AC133919.1,-1.8842479513366859,0.625120310443847,-3.346867432671886,0.0021404198368634234,0.020469792480562195,-1.5013246135487153,-3.070023423194693,NS,Good_Myeloid,-1.8842479513366859,-0.47106198783417147,AC133919.1
Myeloid,AC011445.2,-1.8576237668325843,0.2741781427831613,-3.468855691118818,0.0015403398774569699,0.01692228118109692,-1.2656399570548018,-3.1669741921190306,NS,Good_Myeloid,-1.8576237668325843,-0.4644059417081461,AC011445.2
Myeloid,ZSWIM4,-1.8453074262892364,3.457224130832516,-4.01328561948343,3.4617327106406873e-4,0.007288812096283312,0.10354263195618074,-3.5780454452951957,NS,Good_Myeloid,-1.8453074262892364,-0.4613268565723091,ZSWIM4
Myeloid,AL356055.1,-1.843508368056327,0.6227226717553237,-4.1789549567477655,0.0018746111584845588,0.01885025664920584,0.563537770730064,-3.109410426061757,NS,Good_Myeloid,-1.843508368056327,-0.4608770920140817,AL356055.1
Myeloid,AP002762.3,-1.8354211792569595,0.48789423864821646,-3.89263419876458,4.8425880776746e-4,0.008779477005846513,-0.18714792898889598,-3.489315728466352,NS,Good_Myeloid,-1.8354211792569595,-0.45885529481423987,AP002762.3
MONO,CDC42EP2,-1.8402380774714113,6.088086180942387,-5.125011511594267,2.0207934821853978e-5,0.001733012859942101,2.4057499408960084,-4.2625808500443805,NS,Good_MONO,-0.6009849687433005,-0.4507387265574754,CDC42EP2
Myeloid,CDC42EP2,0.033563629218677615,1.7808393592694214,0.07466560022155928,0.9409548910823147,0.9669836909493694,-6.250371512287812,0.0740697425135373,NS,Bad_Myeloid,-0.6009849687433005,-0.4507387265574754,CDC42EP2
NEUT,CDC42EP2,0.0037195420228322007,7.817798390307676,0.015460649980387296,0.9877939630982951,0.9936436904672263,-6.346019874286133,0.015298595353659425,NS,Bad_NEUT,-0.6009849687433005,-0.4507387265574754,CDC42EP2
Myeloid,IPO4,-1.7947588361289757,1.8223281299723042,-3.016701281928103,0.0050322870255604425,0.033875750768606425,-2.3609200086247153,-2.8049597060388787,NS,Good_Myeloid,-1.7947588361289757,-0.4486897090322439,IPO4
Myeloid,AC005726.5,-1.793762352483943,3.660735196143582,-5.48115331633943,8.547852362268274e-6,0.0011168856559976806,3.823066459955622,-4.450981958804508,NS,Good_Myeloid,-1.793762352483943,-0.44844058812098575,AC005726.5
MONO,TFRC,-1.520766735348264,6.2829457044644546,-4.042724288919366,5.751808953061981e-4,0.0097159690813573,0.034561018523683984,-3.4430556722524055,NS,Good_MONO,-0.43355654830218743,-0.43355654830218743,TFRC
NEUT,TFRC,-0.45662607201651806,6.696141391910704,-1.2342856398869584,0.22849195231546326,0.4040002635142974,-5.565245608334676,-1.204252622844696,NS,Good_NEUT,-0.43355654830218743,-0.43355654830218743,TFRC
T Cells,TFRC,0.114688729527896,5.6187622885365265,0.4045180486727978,0.6889423671009381,0.8043833378482181,-6.167485214777926,0.4002907677161374,NS,Bad_T Cells,-0.43355654830218743,-0.43355654830218743,TFRC
Myeloid,TFRC,0.12847788462813625,6.232547437895229,0.38259506866803084,0.70491172178385475,0.8162913965300268,-6.11577989687299,0.37869856138318975,NS,Bad_Myeloid,-0.43355654830218743,-0.43355654830218743,TFRC
Myeloid,PRR22,-1.7317918811605377,0.1346762685866527,-3.3048443172700206,0.0023830074268302603,0.021672804777292342,-1.6644919493123718,-3.0378143151454955,NS,Good_Myeloid,-1.7317918811605377,-0.43294797029013443,PRR22
Myeloid,AC005072.1,-1.7174351730926423,1.7674764261683857,-5.210004859024687,1.2036241275513408e-5,0.0013423364390712054,3.2341840251772034,-4.376930354401463,NS,Good_Myeloid,-1.7174351730926423,-0.42935879327316057,AC005072.1
Myeloid,SIRPB1,-1.6485464308222886,2.2714776667828063,-3.266007841510226,0.0027075903510376184,0.023404552729715984,-1.784123783395411,-2.9991218081888307,NS,Good_Myeloid,-0.857493008853341,-0.4287465044266705,SIRPB1
NEUT,SIRPB1,-0.06643958688439344,6.287144130888733,-0.3035173124283311,0.7638879852964234,0.8556010393769019,-6.6007786451071535,-0.3003791243006622,NS,Good_NEUT,-0.857493008853341,-0.4287465044266705,SIRPB1
Myeloid,SEZ6,-1.7103361525772804,2.0147566435235857,-4.827239297345152,3.4235794443291303e-5,0.0022978565741542814,2.296736150273537,-4.143290418687457,NS,Good_Myeloid,-1.7103361525772804,-0.4275840381443201,SEZ6
Myeloid,B3GAT2,-1.6963990121911252,3.2475610872772958,-4.925462568462936,3.742106503577461e-5,0.002390103544233432,2.4009639109171497,-4.122851689673314,NS,Good_Myeloid,-1.6963990121911252,-0.4240997530477813,B3GAT2
Myeloid,AC108488.3,-1.6874294714005909,1.5510046622437106,-3.782384809231842,7.226388893962826e-4,0.010974767507323737,-0.48973690284451177,-3.380842738034275,NS,Good_Myeloid,-1.6874294714005909,-0.4218573678501477,AC108488.3
Myeloid,AC022137.4,-1.686842046216774,4.0398764489983465,-4.873034748018612,3.1954733640318274e-5,0.002231105262600797,2.3466062285184313,-4.159069022466118,NS,Good_Myeloid,-1.686842046216774,-0.4217105115541935,AC022137.4
Myeloid,AC092171.3,-1.680057724328981,2.2602098273023197,-3.4651632836741144,0.0015644485658980363,0.01710205605552497,-1.2219629492416457,-3.1624551046016363,NS,Good_Myeloid,-1.680057724328981,-0.42001443108224523,AC092171.3
Myeloid,AC005363.2,-1.664716061124551,1.753287943404295,-4.666441387245132,5.952351300009236e-5,0.0030009091645389033,1.638490689947993,-4.0146918399137625,NS,Good_Myeloid,-1.664716061124551,-0.41617901528113777,AC005363.2
Myeloid,AC025175.2,-1.6628667449417947,0.6667152895291661,-3.1129385123470468,0.003988283137622657,0.02924783208926477,-2.0552684897124216,-2.87908698471259,NS,Good_Myeloid,-1.6628667449417947,-0.41571668623544866,AC025175.2
Myeloid,SLC2A1,-1.641750233427377,2.2988024629867425,-3.544490320067355,0.0013832448991584656,0.01587568288109004,-1.0965926782372524,-3.1981246199354767,NS,Good_Myeloid,-1.641750233427377,-0.41043755835684426,SLC2A1
Myeloid,ASGR2,-1.6361181275172738,1.6137030110279718,-4.160992740044814,2.2869814221179364e-4,0.005815235484482284,0.4972793799644464,-3.685005009461721,NS,Good_Myeloid,-1.6361181275172738,-0.40902953187931845,ASGR2
Myeloid,HIST1H4J,-1.6135404803823175,2.47887722900412,-4.03288157880126,6.566595894681322e-4,0.010427249993448047,0.11084509824664845,-3.4070630384811937,NS,Good_Myeloid,-1.6135404803823175,-0.40338512009557936,HIST1H4J
T Cells,S100B,-2.2954685731090962,6.320233027156796,-4.296655884628094,1.4550371026147602e-4,0.0046363822943635115,0.8124867562263747,-3.7986204553666307,NS,Good_T Cells,-0.8007798049731616,-0.4003899024865808,S100B
Myeloid,S100B,0.6939089631627731,5.262781140395997,1.9512042414153425,0.06349035792116044,0.17383683615809853,-4.436926212097942,1.8557418827364909,NS,Bad_Myeloid,-0.8007798049731616,-0.4003899024865808,S100B
Myeloid,BOLA2B,-1.5970649611827659,3.88046263821701,-3.9769341892578685,4.0366004609879033e-4,0.007881185798367364,-5.703052938343944e-5,-3.5376792791701956,NS,Good_Myeloid,-1.5970649611827659,-0.39926624029569147,BOLA2B
Myeloid,AL157938.3,-1.5927610135040164,3.7223547941407995,-4.879005900337263,3.171819193638332e-5,0.0022234956010768778,2.210617673000719,-4.160766019535604,NS,Good_Myeloid,-1.5927610135040164,-0.3981902533760041,AL157938.3
Myeloid,CHPF,-1.5898282441861515,1.6310146272788217,-3.5180510395192526,0.0013495179939011157,0.01568424017964444,-1.1531448249695995,-3.2052359608138783,NS,Good_Myeloid,-1.5898282441861515,-0.3974570610465379,CHPF
Myeloid,HNRNPA1L2,-1.5863359563726287,1.560924532876364,-4.951515475666594,2.58039976826555e-5,0.001992321247651744,2.429146125664718,-4.20765012224055,NS,Good_Myeloid,-1.5863359563726287,-0.3965839890931572,HNRNPA1L2
Myeloid,AC011471.2,-1.5782081277642903,1.33551856909478,-4.020005880044605,7.608657262904182e-4,0.01123841937655185,0.11450364206018371,-3.3666522366410856,NS,Good_Myeloid,-1.5782081277642903,-0.3945520319410726,AC011471.2
Myeloid,TNFRSF21,-1.571699874577646,3.1166642303172147,-4.11489679958221,3.573497885634996e-4,0.007395499560505341,0.2910991786671051,-3.569729679284178,NS,Good_Myeloid,-1.571699874577646,-0.3929249686444115,TNFRSF21
Myeloid,HSPB8,-1.5683740055324302,-0.24418075345526288,-3.029768424469656,0.004951225000726138,0.03354800566616587,-2.3323876593771873,-2.810190071781823,NS,Good_Myeloid,-1.5683740055324302,-0.39209350138310756,HSPB8
Myeloid,AC007216.3,-1.5616904407487606,2.462793548809488,-5.111398765009009,2.0405006049494895e-5,0.001733012859942101,2.839154998546957,-4.260412385423779,NS,Good_Myeloid,-1.5616904407487606,-0.39042261018719016,AC007216.3
Myeloid,ZNF385C,-1.5565562565583637,0.40791091477149133,-3.4035424834464214,0.0018612866969490412,0.01880484923847864,-1.4224516153633306,-3.1115171381887547,NS,Good_Myeloid,-1.5565562565583637,-0.38913906413959093,ZNF385C
Myeloid,AP003168.2,-1.5428060638878733,0.11622862673499482,-3.163446035238803,0.0036078984732365515,0.027663060446531086,-2.008248969222434,-2.910552933315678,NS,Good_Myeloid,-1.5428060638878733,-0.38570151597196833,AP003168.2
Myeloid,ADCY4,-1.5188503925237458,0.6958758864443447,-4.7221562451859285,4.6382233829044585e-5,0.002598501170024132,1.973632672553486,-4.073146473322116,NS,Good_Myeloid,-1.5188503925237458,-0.37971259813093644,ADCY4
Myeloid,AC025062.3,-1.5178563249242476,0.04469736738974508,-3.127574323126395,0.003786656378217364,0.028392850982613186,-2.1060681159628505,-2.8954083074474024,NS,Good_Myeloid,-1.5178563249242476,-0.3794640812310619,AC025062.3
Myeloid,GDF15,-1.5020003753534912,1.8735648318863927,-3.1131731050142815,0.003929576026767855,0.02897258691922797,-2.1140893940370624,-2.8837604066086975,NS,Good_Myeloid,-1.5020003753534912,-0.3755000938383728,GDF15
Myeloid,FFAR2,-1.9490337173272922,2.2132522539450825,-3.665468621831821,9.197097664770229e-4,0.012551935144218554,-0.7461105514638193,-3.314001613082817,NS,Good_Myeloid,-0.7210364716589692,-0.3605182358294846,FFAR2
NEUT,FFAR2,0.5069607740093538,6.07518846030875,1.1641156489156446,0.2554403550322466,0.4341095743794208,-5.681438609380184,1.1372342920537224,NS,Bad_NEUT,-0.7210364716589692,-0.3605182358294846,FFAR2
NEUT,EPSTI1,-1.5653703880551442,6.388863470127562,-3.5612808415834145,0.0015741373485255764,0.017148545106138027,-1.3036901842800805,-3.1606570199507957,NS,Good_NEUT,-0.3383541510513335,-0.3383541510513335,EPSTI1
MONO,EPSTI1,-0.4147413416109442,6.272852003643073,-1.277631186479294,0.21225023024222717,0.3841561284250375,-5.67660619814499,-1.247401736277764,NS,Good_MONO,-0.3383541510513335,-0.3383541510513335,EPSTI1
T Cells,EPSTI1,0.4197855967954114,5.966910720605576,1.118291020205926,0.2724420279653223,0.45209775768619875,-5.674148272779566,1.0974561761671795,NS,Bad_T Cells,-0.3383541510513335,-0.3383541510513335,EPSTI1
Myeloid,EPSTI1,0.20690952866534307,6.137182549743086,0.9333667966920973,0.3615652042927352,0.542065506225282,-5.802420044767183,0.9123866697195978,NS,Bad_Myeloid,-0.3383541510513335,-0.3383541510513335,EPSTI1
MONO,NLRP3,-1.5329613710998036,7.250888650097674,-6.342960156672175,8.06194759753865e-7,3.787433051740415e-4,5.712496095365386,-4.933861842200928,NS,Good_MONO,-0.43015210291478595,-0.3226140771860895,NLRP3
NEUT,NLRP3,0.6111274916008149,7.372619211984082,2.365621637838568,0.02576212001513856,0.09541749986150448,-3.8607913322593803,2.2297789727613164,NS,Bad_NEUT,-0.43015210291478595,-0.3226140771860895,NLRP3
Myeloid,NLRP3,-0.36862242924536925,6.830624760814549,-1.2766474260101037,0.21114898313594513,0.3831626966202451,-5.4921736494001845,-1.2504122741735166,NS,Good_Myeloid,-0.43015210291478595,-0.3226140771860895,NLRP3
MONO,GAPT,-1.690088386028889,5.751489945439626,-4.789468418281778,4.5784821391547255e-5,0.0025860256965196072,1.8166066690265037,-4.076163552910261,NS,Good_MONO,-0.4287165903981483,-0.32153744279861124,GAPT
Myeloid,GAPT,0.3061920880723381,4.229376263428765,0.8479307068442211,0.4028950554007318,0.5792141024322239,-5.976873290297635,0.8364619829610861,NS,Bad_Myeloid,-0.4287165903981483,-0.32153744279861124,GAPT
NEUT,GAPT,0.09774652676210582,6.168843447237731,0.5122711266984734,0.6132720752810319,0.7498808405395339,-6.31384234931933,0.5054083215751474,NS,Bad_NEUT,-0.4287165903981483,-0.32153744279861124,GAPT
Myeloid,AC020656.1,-1.5090904217031813,3.128715390743591,-4.49024055301942,1.1193701325365486e-4,0.003986763107527752,1.237203390075062,-3.863143921964199,NS,Good_Myeloid,-0.2059993803464669,-0.15449953525985016,AC020656.1
NEUT,AC020656.1,1.423127061209276,9.1050769129442,2.7432778592120037,0.011690841486243836,0.057650103103893784,-3.1000599887083125,2.5213412469531935,NS,Bad_NEUT,-0.2059993803464669,-0.15449953525985016,AC020656.1
MONO,AC020656.1,-0.5320347805454952,8.87786803062341,-0.80681155438436,0.4262329495703192,0.6000686000900088,-5.85297819394198,-0.795654380107355,NS,Good_MONO,-0.2059993803464669,-0.15449953525985016,AC020656.1
NEUT,CCL4,-1.7653006553151078,9.116224191228465,-4.232773600409551,2.550056404643061e-4,0.006201579903890757,0.2608347128900519,-3.657179669958647,NS,Good_NEUT,-0.08288909518127174,-0.08288909518127174,CCL4
MONO,CCL4,0.8197275867571197,10.654816902959594,1.6879017577135444,0.12504197322153582,0.2711022928500691,-5.082416715437604,1.5339499215594812,NS,Bad_MONO,-0.08288909518127174,-0.08288909518127174,CCL4
Myeloid,CCL4,0.6395454039427815,12.371812100339165,1.4499198319437387,0.15701045880714196,0.3155642988422052,-5.222765689312044,1.4151979725867205,NS,Bad_Myeloid,-0.08288909518127174,-0.08288909518127174,CCL4
T Cells,CCL4,-0.02552871610988028,12.04186888751616,-0.08652405575606821,0.9316870003745175,0.9608930831831874,-6.364192357267128,-0.08572251908872873,NS,Good_T Cells,-0.08288909518127174,-0.08288909518127174,CCL4
MONO,APOE,1.5776641813905172,9.954371830698054,3.147083598081893,0.0038779177726470573,0.028745280335685852,-2.289035399655752,2.8879254448800844,NS,Bad_MONO,0.08156106175855249,0.08156106175855249,APOE
NEUT,APOE,-1.2833774875408155,7.351594359360755,-2.0462495717895997,0.051178860017374456,0.15082498156995366,-4.464383430059959,-1.9499770037238007,NS,Good_NEUT,0.08156106175855249,0.08156106175855249,APOE
Myeloid,APOE,0.5843683912918376,11.887752834301002,1.3012656783346304,0.202945866064086,0.3736721933150293,-5.3442411106494285,1.273203423508502,NS,Bad_Myeloid,0.08156106175855249,0.08156106175855249,APOE
T Cells,APOE,-0.5524108381073294,8.733888884038935,-1.033190063599141,0.309256560700033,0.4914012645447311,-5.787959686160119,-1.0167832318280972,NS,Good_T Cells,0.08156106175855249,0.08156106175855249,APOE
MONO,GPR34,1.7105281768515823,7.1322749749575856,3.2372324605852163,0.0030118795508281516,0.024965587177697916,-1.8298798503018352,2.966522875007202,NS,Bad_MONO,0.2871195074509873,0.21533963058824046,GPR34
T Cells,GPR34,-0.6996705412957649,6.278838453706777,-1.6226362284192186,0.12171707694670271,0.26647272203102523,-5.137778036730421,-1.5476064525021853,NS,Good_T Cells,0.2871195074509873,0.21533963058824046,GPR34
Myeloid,GPR34,-0.14949911320285558,9.587789692474562,-0.5391651603186335,0.5945127304378971,0.7357936393638406,-6.030703008302642,-0.5323079449751529,NS,Good_Myeloid,0.2871195074509873,0.21533963058824046,GPR34
MONO,TREM2,2.3101118489874093,7.757210358292497,4.448105081175223,1.49278710995019e-4,0.004677453425489445,0.9735754384158488,3.7922662979397685,NS,Bad_MONO,0.3613146227785409,0.27098596708390565,TREM2
T Cells,TREM2,-1.15896358546006,6.509953465356318,-2.4706288155678293,0.018867632116700336,0.07831485947386782,-3.5956634200679582,-2.3481359729874236,NS,Good_T Cells,0.3613146227785409,0.27098596708390565,TREM2
Myeloid,TREM2,-0.06720439519172672,9.984117798266022,-0.2333169695149116,0.8170298951488769,0.8893647907264862,-6.196166977329263,-0.23136674860989714,NS,Good_Myeloid,0.3613146227785409,0.27098596708390565,TREM2
T Cells,MYBL1,1.5304905993745965,6.333739337063627,2.9238346882337942,0.007239947556929242,0.04237278609915492,-2.5831111217477654,2.6856010632710334,NS,Bad_T Cells,1.5304905993745965,0.38262264984364913,MYBL1
Myeloid,SAP30L,1.5431103818006875,3.7109884380665994,5.201407345855703,1.21952506103366e-5,0.0013423364390712054,3.1846799262727004,4.374067745314838,NS,Bad_Myeloid,1.5431103818006875,0.3857775954501719,SAP30L
Myeloid,ZNF787,1.5459914879813712,4.667019534205238,5.43750346599035,1.7126481244012786e-4,0.005009098792454177,3.6064699605300623,3.758017636756059,NS,Bad_Myeloid,1.5459914879813712,0.3864978719953428,ZNF787
Myeloid,MBLAC1,1.5516101281938715,0.569959982973081,3.273089221071048,0.002774401039990587,0.023689900514059628,-1.65596809966776,2.9916875015478883,NS,Bad_Myeloid,1.5516101281938715,0.38790253204846786,MBLAC1
MONO,A2M,1.8349421067661478,7.322869036916653,3.9666086417222575,0.0018774995621760068,0.018862030345111216,-0.2722356635083134,3.108955559223742,NS,Bad_MONO,0.5203104503956167,0.3902328377967126,A2M
T Cells,A2M,-0.5375401294022542,6.8779106826415175,-1.5518888034310987,0.13128732242439406,0.28045725585522585,-5.016066375950992,-1.5090448471369509,NS,Good_T Cells,0.5203104503956167,0.3902328377967126,A2M
Myeloid,A2M,0.2635293738229567,9.965643701624717,1.4326043203724992,0.1625181745896886,0.32307607452320347,-5.2474830374463615,1.396652234057511,NS,Bad_Myeloid,0.5203104503956167,0.3902328377967126,A2M
Myeloid,ZNRF2,1.5624344641916448,5.853381438655239,4.840437620448637,3.3236900619847564e-5,0.0022722515154410955,2.239528766600822,4.150073172577686,NS,Bad_Myeloid,1.5624344641916448,0.3906086160479112,ZNRF2
Myeloid,RASSF8,1.56978109218897,6.4003766268870805,4.976064710411228,2.2306383499623726e-5,0.0018197893650232244,2.7040976233393685,4.24045833909946,NS,Bad_Myeloid,1.56978109218897,0.3924452730472425,RASSF8
Myeloid,LCA5,1.569850812595567,0.07006707228519775,3.5478799691278464,0.0013552866124100095,0.01570994171928495,-1.0578048714104202,3.204008105127253,NS,Bad_Myeloid,1.569850812595567,0.39246270314889176,LCA5
Myeloid,PPP2R3B,1.5826342321902471,2.252446382098864,4.299196572967518,1.547837515318755e-4,0.0047870235312701325,0.9152926727775341,3.783266144437556,NS,Bad_Myeloid,1.5826342321902471,0.3956585580475618,PPP2R3B
Myeloid,TCP11L2,1.6019294397043922,1.49461467265348,3.1005439713221365,0.004059606715731787,0.029488235360785958,-2.0419893524904973,2.8734925352307035,NS,Bad_Myeloid,1.6019294397043922,0.40048235992609804,TCP11L2
Myeloid,SERPINI1,1.6035068777539876,0.5069322789740128,3.48059742989846,0.0015163496453908247,0.016720083074763765,-1.1941410868778224,3.171536206335126,NS,Bad_Myeloid,1.6035068777539876,0.4008767194384969,SERPINI1
MONO,FOLR2,1.5464915136104231,6.230555778784257,3.241798078513693,0.0029558071166719746,0.024630238773717186,-1.9473873318072181,2.9722968864102004,NS,Bad_MONO,0.8019892690103054,0.4009946345051527,FOLR2
Myeloid,FOLR2,0.057487024410187715,7.971932325601012,0.12428263281115282,0.9022002984386356,0.9428484141089424,-6.250513777596495,0.12288230442741509,NS,Bad_Myeloid,0.8019892690103054,0.4009946345051527,FOLR2
NEUT,CALML4,1.544461317736058,6.025172210066003,5.285712332732291,4.2660879555894326e-5,0.0025460474117655636,2.7836586664360397,4.092575217527567,NS,Bad_NEUT,0.8069523492478461,0.40347617462392305,CALML4
Myeloid,CALML4,0.06944338075963419,4.330338330279947,0.44473080100745893,0.6595909612936088,0.7846723201856195,-6.22170832490281,0.44047797444766806,NS,Bad_Myeloid,0.8069523492478461,0.40347617462392305,CALML4
Myeloid,HIVEP1,1.635170749883844,2.8110913651394283,3.9581860143910763,4.670953101411908e-4,0.00857389745514362,-0.1085896992273323,3.4989493451536258,NS,Bad_Myeloid,1.635170749883844,0.408792687470961,HIVEP1
Myeloid,CITED4,1.63726020010081,5.10709174155548,3.440856934867131,0.0019809765111328866,0.019502417886240037,-1.3210373353851406,3.093069627816014,NS,Bad_Myeloid,1.63726020010081,0.4093150500252025,CITED4
Myeloid,AC012150.2,1.6490271558965102,3.45410900660964,2.847257704953987,0.007802341774631227,0.044416424611344874,-2.737854691050579,2.660505651934067,NS,Bad_Myeloid,1.6490271558965102,0.41225678897412754,AC012150.2
Myeloid,NTNG2,1.6533421698831432,1.046170584684738,3.4803436142382247,0.0015946778990897086,0.017285596798782447,-1.1737113548952012,3.1568784765743887,NS,Bad_Myeloid,1.6533421698831432,0.4133355424707858,NTNG2
Myeloid,AC005332.4,1.6673386067905351,1.3882825005582196,3.3372440936883425,0.0021959663328943013,0.02076716426679741,-1.5099322495926506,3.0623634607427004,NS,Bad_Myeloid,1.6673386067905351,0.4168346516976338,AC005332.4
Myeloid,AC073352.2,1.6687197142691477,3.65036721131316,3.1386353476705073,0.0036897754462310336,0.02802807753824344,-2.0319393182023173,2.90353345685449,NS,Bad_Myeloid,1.6687197142691477,0.4171799285672869,AC073352.2
Myeloid,EVA1B,1.6807929152719,3.6288991021652968,5.3411918862054675,1.3013345320285449e-5,0.0013882159003021414,3.67719488598686,4.359880561713982,NS,Bad_Myeloid,1.6807929152719,0.420198228817975,EVA1B
Myeloid,DKK3,1.702072721107559,-0.21114180156217957,3.0594343753392517,0.0045873418950983435,0.031945027980940274,-2.2086971077730766,2.8346673882004714,NS,Bad_Myeloid,1.702072721107559,0.42551818027688976,DKK3
Myeloid,TCFL5,1.7165168187439097,0.6759392660547867,4.343028338844793,5.545312890908845e-4,0.00954416206212386,0.936055197628515,3.4529307750038396,NS,Bad_Myeloid,1.7165168187439097,0.42912920468597743,TCFL5
Myeloid,CIB2,1.7171204834073195,1.0846567853660836,3.538146206675616,0.001288552318832151,0.01527311449514308,-1.0359615771355184,3.2185172235945876,NS,Bad_Myeloid,1.7171204834073195,0.42928012085182987,CIB2
Myeloid,COPZ2,1.720907215906796,1.4509158972468152,3.8599655745322727,5.650943552057165e-4,0.009635840580426743,-0.2803477649307995,3.4478372870395297,NS,Bad_Myeloid,1.720907215906796,0.430226803976699,COPZ2
Myeloid,ZNF396,1.7411648089751843,0.19348591462079187,2.864484715118537,0.007618205169245449,0.0437744487502675,-2.5685582283546613,2.6685384787288466,NS,Bad_Myeloid,1.7411648089751843,0.4352912022437961,ZNF396
Myeloid,CACNB3,1.7600506582827595,-0.22574977705694135,3.051112419806282,0.004662363010919402,0.032375566039975545,-2.2151023543174078,2.829480575726274,NS,Bad_Myeloid,1.7600506582827595,0.4400126645706899,CACNB3
Myeloid,BTBD6,1.7698757662401556,3.744459481846465,5.8574570453143044,2.6163192792169624e-6,6.311019474235953e-4,4.727734106440243,4.698848898247212,NS,Bad_Myeloid,1.7698757662401556,0.4424689415600389,BTBD6
Myeloid,SLC9A3R2,1.7758333357101614,0.28050551440528093,3.536985024337491,0.0012947795328763622,0.015327343325510279,-1.0560810895859278,3.2171343470676717,NS,Bad_Myeloid,1.7758333357101614,0.44395833392754036,SLC9A3R2
Myeloid,PPFIBP1,1.7764739058945342,-0.5701740254846738,3.4324849653169984,0.0017398737430014577,0.018173734686059716,-1.3687976325273068,3.1313791549854084,NS,Bad_Myeloid,1.7764739058945342,0.44411847647363356,PPFIBP1
Myeloid,ALYREF,1.79138184462846,4.2557146927349265,4.2418216926948,1.8270244671523848e-4,0.005167558730048075,0.6968048451110356,3.7418061221541263,NS,Bad_Myeloid,1.79138184462846,0.447845461157115,ALYREF
Myeloid,AC018926.2,1.803645223338716,0.7844027521942545,3.44287734717997,0.005072106135100493,0.03403058025708699,-1.2897415148136275,2.80241830078515,NS,Bad_Myeloid,1.803645223338716,0.450911305834679,AC018926.2
Myeloid,PHLPP1,1.8241970800023442,1.282998027261592,3.0762236363278634,0.004321622357977708,0.030684908330824358,-2.0946284898023455,2.853678635321363,NS,Bad_Myeloid,1.8241970800023442,0.45604927000058604,PHLPP1
Myeloid,CTDSPL,1.8371993345477498,1.2892180563786477,4.092521834249776,2.772360336530792e-4,0.006464547090947514,0.39337138766955704,3.6356914251971295,NS,Bad_Myeloid,1.8371993345477498,0.45929983363693744,CTDSPL
Myeloid,AC025048.2,1.8462096995490263,0.4874098609210927,3.2500896805420103,0.00275213000384129,0.023605456384318744,-1.6973060071059498,2.994147346765273,NS,Bad_Myeloid,1.8462096995490263,0.46155242488725656,AC025048.2
Myeloid,RNF150,1.865802144644975,1.3381353922705748,3.2625009546966357,0.0028129127674720628,0.023917882068278048,-1.6800627842725788,2.9874761117896966,NS,Bad_Myeloid,1.865802144644975,0.46645053616124377,RNF150
T Cells,GZMK,1.8666782287408434,7.089146567049083,2.7989031860819256,0.009072048725135335,0.04881728018319796,-2.8426878530604713,2.609327066208557,NS,Bad_T Cells,1.8666782287408434,0.46666955718521086,GZMK
Myeloid,CTU1,1.8966785941105737,4.010321864248503,4.487413204011026,1.0300511603194913e-4,0.003805080564023299,1.2770021539732728,3.8834018645063133,NS,Bad_Myeloid,1.8966785941105737,0.47416964852764343,CTU1
Myeloid,CAMK2N1,1.9015023953516565,2.9455992988096154,4.199149123160121,2.619520060067071e-4,0.006288650319555354,0.48167550646486124,3.650282538015612,NS,Bad_Myeloid,1.9015023953516565,0.47537559883791414,CAMK2N1
Myeloid,NRARP,1.9171173131423451,3.5013990095627823,3.133166878026929,0.003945974772151145,0.02904500497288053,-2.0597044994406684,2.882448625019757,NS,Bad_Myeloid,1.9171173131423451,0.4792793282855863,NRARP
Myeloid,ZNF415,1.9290964229056848,-0.16008540457896722,3.0765643901793993,0.004406229572432521,0.031071549765832804,-2.11564986831858,2.8475129914411816,NS,Bad_Myeloid,1.9290964229056848,0.4822741057264212,ZNF415
Myeloid,METRN,1.9292580669277974,4.142855797531361,5.547087541031215,4.730350318688631e-6,8.423838365909867e-4,3.871034561081827,4.576404706416482,NS,Bad_Myeloid,1.9292580669277974,0.48231451673194936,METRN
Myeloid,SAMD1,1.9318809039637097,4.11395304467464,5.692472667813884,2.8261221272635003e-6,6.368002940227818e-4,4.641999098096501,4.683068357967695,NS,Bad_Myeloid,1.9318809039637097,0.4829702259909274,SAMD1
T Cells,ERN1,1.5422900915236193,6.171113543485024,5.594420992203416,3.4650424820121253e-6,6.831702507838549e-4,4.401280051548297,4.641132852014616,NS,Bad_T Cells,0.9741919969290496,0.4870959984645248,ERN1
Myeloid,ERN1,0.40609390233447984,4.002865609415103,1.7708492372776536,0.0871109372312683,0.21342239213746847,-4.695532114430283,1.7108384619613075,NS,Bad_Myeloid,0.9741919969290496,0.4870959984645248,ERN1
Myeloid,AP003352.1,1.9521205264980823,-0.5392553118614001,3.07316815870923,0.004355896296704982,0.03084624102077962,-2.1526041424833835,2.851167892387748,NS,Bad_Myeloid,1.9521205264980823,0.4880301316245206,AP003352.1
Myeloid,IER5L,1.9574722245350467,5.856730943525727,6.576811674395884,2.2646830511568954e-7,2.0003492454258626e-4,6.746707038945094,5.176185493374186,NS,Bad_Myeloid,1.9574722245350467,0.48936805613376166,IER5L
Myeloid,VEGFB,1.9593494295905804,5.527137007584805,6.209089316702555,1.4308401349909722e-5,0.0014764398065827404,5.929138244290709,4.339074502074999,NS,Bad_Myeloid,1.9593494295905804,0.4898373573976451,VEGFB
Myeloid,TPRN,1.995738038239117,2.151498845672929,5.709038283028965,3.99668873902389e-6,7.543152199583379e-4,4.363237392487077,4.611554481221676,NS,Bad_Myeloid,1.995738038239117,0.49893450955977925,TPRN
Myeloid,AC009961.4,2.021941143436287,0.4512302196520518,3.393263317054975,0.0021661513053468557,0.020617652208909168,-1.406592735558072,3.066452627015499,NS,Bad_Myeloid,2.021941143436287,0.5054852858590717,AC009961.4
Myeloid,PACSIN3,2.037741505852327,-0.23851090018460558,3.7346889037488866,7.906408199194825e-4,0.011486138543067112,-0.5604715021247948,3.3560506688044778,NS,Bad_Myeloid,2.037741505852327,0.5094353764630818,PACSIN3
Myeloid,PKIA,2.0945139769915935,-0.21759539232641506,3.4337892859173578,0.0018194484392498067,0.0186004909423677,-1.2936211768728327,3.1182233840818796,NS,Bad_Myeloid,2.0945139769915935,0.5236284942478984,PKIA
Myeloid,MEX3D,2.142116216355655,1.19422418882521,4.780799901141732,4.3598291291812745e-5,0.0025614448595425617,1.9749505439169077,4.0875339377782955,NS,Bad_Myeloid,2.142116216355655,0.5355290540889137,MEX3D
MONO,LGMN,1.828618624191174,7.254032474343926,4.014665895912438,4.367032982822814e-4,0.008298865948940911,-0.10726083229143857,3.5168482949255275,NS,Bad_MONO,1.0804464525812936,0.5402232262906468,LGMN
Myeloid,LGMN,0.3322742809714132,8.507445770091337,1.094697883137583,0.28317479307918897,0.4634647035854321,-5.57165238246764,1.0732147079456404,NS,Bad_Myeloid,1.0804464525812936,0.5402232262906468,LGMN
Myeloid,DNAJC28,2.1923350339440186,-0.09616439533934787,3.3609512089981513,0.002190026347296286,0.020728744878266862,-1.478095701342239,3.0631740602222113,NS,Bad_Myeloid,2.1923350339440186,0.5480837584860047,DNAJC28
Myeloid,CRYAB,2.2148587827453943,2.1717290171085737,2.980702571230783,0.005713251178307184,0.03666376417302506,-2.3167752516278712,2.7638001954531823,NS,Bad_Myeloid,2.2148587827453943,0.5537146956863486,CRYAB
Myeloid,KLHL11,2.2268403896308184,0.44181503752939616,3.4147647149598197,0.0017801722841794725,0.018386232169902296,-1.3115701296096605,3.124649182302415,NS,Bad_Myeloid,2.2268403896308184,0.5567100974077046,KLHL11
T Cells,MDFIC,2.2350533295612696,6.377347326819022,7.197454735276934,6.557528634489436e-7,3.787433051740415e-4,8.88951866853667,4.974029609268643,NS,Bad_T Cells,2.2350533295612696,0.5587633323903174,MDFIC
Myeloid,FBXL14,2.248539209427818,1.7419616935844018,3.689675846073904,8.469286879049482e-4,0.01191961713595734,-0.6040589887573988,3.3369838517396015,NS,Bad_Myeloid,2.248539209427818,0.5621348023569545,FBXL14
Myeloid,ZNF112,2.2713254530195166,-0.10576047347729173,3.522464241635871,0.0013335624209125522,0.015609794205309878,-1.0230134115158842,3.2086575099022916,NS,Bad_Myeloid,2.2713254530195166,0.5678313632548792,ZNF112
Myeloid,CCDC96,2.2739584017673415,-0.1985079959787569,3.4126221600451054,0.0017903771919671099,0.018449342888494785,-1.2881202382839323,3.122967167170778,NS,Bad_Myeloid,2.2739584017673415,0.5684896004418354,CCDC96
Myeloid,AL136419.3,2.32504679740299,0.7304436313964574,3.024088167912777,0.004938421656470281,0.033492084465041996,-2.1746106233857785,2.811023254082627,NS,Bad_Myeloid,2.32504679740299,0.5812616993507475,AL136419.3
MONO,UBAC1,1.52283231789683,5.9686792747403885,7.180681814652104,1.1337532847983431e-7,1.3891103084456884e-4,6.735742671266698,5.303866356945657,NS,Bad_MONO,1.1637026703853648,0.5818513351926824,UBAC1
Myeloid,UBAC1,0.8045730228738996,6.066993652174925,4.253703349715084,1.784529139899507e-4,0.005126474648149337,0.6677232692571797,3.7477149166406636,NS,Bad_Myeloid,1.1637026703853648,0.5818513351926824,UBAC1
Myeloid,AC004943.2,2.3348206333829786,-0.044575295768340926,2.864202328048912,0.0074083265233165245,0.04303399018699057,-2.5660914783589326,2.677909350418612,NS,Bad_Myeloid,2.3348206333829786,0.5837051583457447,AC004943.2
Myeloid,VWA1,2.433503777980408,0.005170720744749205,3.1569057604411035,0.003735109900287549,0.028255805693096835,-1.95145063443145,2.899707534344086,NS,Bad_Myeloid,2.433503777980408,0.608375944495102,VWA1
Myeloid,CADM2,2.439550389317313,-0.4539647678036529,3.7871373510922153,6.49886245405081e-4,0.010399121790605072,-0.4198074490939696,3.4098919353618085,NS,Bad_Myeloid,2.439550389317313,0.6098875973293283,CADM2
Myeloid,AC145285.6,2.4404291268242724,0.9810893081830737,4.2858439880353325,1.8276711204454066e-4,0.005167558730048075,0.8144811261234457,3.74171720976962,NS,Bad_Myeloid,2.4404291268242724,0.6101072817060681,AC145285.6
Myeloid,NDN,2.4525288359066275,2.1089379216738893,3.330047631154667,0.0022946508069457846,0.021254395603597657,-1.5512759002424135,3.049182445992476,NS,Bad_Myeloid,2.4525288359066275,0.6131322089766569,NDN
Myeloid,AL078587.2,2.4695827678848685,0.9398191248934586,3.4790295705595584,0.0014988550561306933,0.016682317212438492,-1.130556847275244,3.174905112493067,NS,Bad_Myeloid,2.4695827678848685,0.6173956919712171,AL078587.2
Myeloid,FNDC10,2.524631749013245,0.5079061056422828,4.065016950741319,3.0227422440793185e-4,0.006755890104631529,0.21788349818945285,3.6133431619265557,NS,Bad_Myeloid,2.524631749013245,0.6311579372533113,FNDC10
Myeloid,LMTK3,2.531424680395604,-0.03467292994045074,3.8486834191737156,6.009673964400056e-4,0.009956611345676922,-0.288698329234224,3.4311774254140146,NS,Bad_Myeloid,2.531424680395604,0.632856170098901,LMTK3
Myeloid,ZNF775,2.5670314670277596,1.591575414268309,4.152101500220116,2.344946165521122e-4,0.005890910264736907,0.5571263527261685,3.6786251518171627,NS,Bad_Myeloid,2.5670314670277596,0.6417578667569399,ZNF775
Myeloid,PLLP,2.567112188952804,-0.10376581347035813,4.838525877191617,3.8134733949948964e-5,0.0024059748430936374,2.1698445667457262,4.118499534855161,NS,Bad_Myeloid,2.567112188952804,0.641778047238201,PLLP
MONO,PTMS,1.723094845261894,5.893728786310698,4.572805518181656,9.431908479430533e-5,0.0036555829511214747,1.308929176963682,3.9047596312627486,NS,Bad_MONO,0.8570001579689558,0.6427501184767168,PTMS
Myeloid,PTMS,0.4624084640312791,6.601414141946496,1.6453497649064641,0.1102804627355375,0.24981669861778202,-4.9583275387671595,1.5969338079957178,NS,Bad_Myeloid,0.8570001579689558,0.6427501184767168,PTMS
T Cells,PTMS,0.3854971646136942,6.149634651244201,1.1037886691582397,0.2778074743871191,0.458006917232818,-5.813720880579694,1.0852578369996162,NS,Bad_T Cells,0.8570001579689558,0.6427501184767168,PTMS
Myeloid,ZFPM1,2.5968904987738544,3.0939071319231366,5.275121348974336,1.1402163340976131e-5,0.0013182333554734812,3.3234006153215674,4.388716416917488,NS,Bad_Myeloid,2.5968904987738544,0.6492226246934636,ZFPM1
T Cells,CD8B,2.6501774300414924,6.599428569371627,3.610981702161798,0.001051406916694519,0.013657157373204925,-0.913781664759628,3.276396901182246,NS,Bad_T Cells,2.6501774300414924,0.6625443575103731,CD8B
MONO,CCND1,2.1015377464246807,5.6464204223929055,4.430658066714065,1.3326097017427765e-4,0.004405192729623352,0.8999403961318304,3.8203527048436463,NS,Bad_MONO,1.3319890988575627,0.6659945494287813,CCND1
Myeloid,CCND1,0.5624404512904446,7.818820916381126,2.741330912438353,0.010329424352767756,0.05311931731667853,-2.898600585110876,2.5646019004436633,NS,Bad_Myeloid,1.3319890988575627,0.6659945494287813,CCND1
Myeloid,FRRS1,2.6704130781875577,-0.14205033759152955,3.439565984789093,0.0017422532208760159,0.018173734686059716,-1.3323987195685323,3.1309778138700644,NS,Bad_Myeloid,2.6704130781875577,0.6676032695468894,FRRS1
Myeloid,SOS1,1.0722596236472226,4.21738184912874,4.541670258016014,7.76348002919668e-5,0.0033142585793666446,1.5252211869321757,3.9515865007949653,NS,Bad_Myeloid,1.3449208747655401,0.6724604373827701,SOS1
T Cells,SOS1,1.6175821258838576,5.353245017744218,4.4698829906430095,9.513430212736852e-5,0.0036662402435890954,1.155208648979225,3.9026778104673157,NS,Bad_T Cells,1.3449208747655401,0.6724604373827701,SOS1
Myeloid,RNF215,2.692236491216293,1.771396924611074,4.497007998197619,8.821697666645283e-5,0.003509923024772273,1.4099729694822267,3.92090516799796,NS,Bad_Myeloid,2.692236491216293,0.6730591228040732,RNF215
Myeloid,HES4,2.342480772372282,2.9420569195951525,4.65567626166569,6.670103049178208e-5,0.0031321105380556547,1.7653113203656456,3.987756647759056,NS,Bad_Myeloid,0.907673819032104,0.680755364274078,HES4
NEUT,HES4,1.122805621122966,7.663463380814752,3.048146922818713,0.005586468438165797,0.0361760692233364,-2.451681383102122,2.7711150488094978,NS,Bad_NEUT,0.907673819032104,0.680755364274078,HES4
MONO,HES4,-0.7422649363989358,6.222839290620423,-2.032219373580959,0.05996991607404294,0.1672251151341099,-4.3107452667394925,-1.8810147230776584,NS,Good_MONO,0.907673819032104,0.680755364274078,HES4
Myeloid,PKIB,2.72343889328619,0.02643979528217466,4.792281350453577,5.121595959463108e-5,0.002725182698237695,1.8141947700085668,4.05000764560692,NS,Bad_Myeloid,2.72343889328619,0.6808597233215475,PKIB
T Cells,URI1,1.6796869054844912,6.9364001413016965,4.577032789637552,6.93545439650657e-5,0.0031577052367764554,1.442874620335786,3.978489258473584,NS,Bad_T Cells,1.3785208885591889,0.6892604442795944,URI1
Myeloid,URI1,1.0773548716338865,5.775624939744759,4.1939822860923055,2.1084492990683352e-4,0.005598928892742352,0.5228972477614784,3.7056552520492296,NS,Bad_Myeloid,1.3785208885591889,0.6892604442795944,URI1
Myeloid,TNFSF9,2.7599386809183506,4.119441595757451,4.752081662345297,8.748654133353653e-5,0.0034934499199406033,2.017571060081056,3.9229080654312227,NS,Bad_Myeloid,2.7599386809183506,0.6899846702295876,TNFSF9
NEUT,IRF1,1.5558395026224172,7.954758299548585,5.617495570988164,1.9375290640654024e-5,0.0016778241879487142,3.5611934694030634,4.271970852581259,NS,Bad_NEUT,0.7010731181468064,0.7010731181468064,IRF1
MONO,IRF1,0.889352177046919,7.401526833417311,3.2125780362004988,0.00334935858929178,0.026433358244725192,-1.9182467467676805,2.9337110488299833,NS,Bad_MONO,0.7010731181468064,0.7010731181468064,IRF1
T Cells,IRF1,0.38697954282038083,9.45108227620007,2.1070415776780633,0.048630782841408045,0.1458461152660563,-4.307079967779998,1.9718145316600586,NS,Bad_T Cells,0.7010731181468064,0.7010731181468064,IRF1
Myeloid,IRF1,-0.027878749902491506,6.762439786484202,-0.12891370700360572,0.8982739077547639,0.940168946394952,-6.19546079837522,-0.12784213116008922,NS,Good_Myeloid,0.7010731181468064,0.7010731181468064,IRF1
Myeloid,AC007620.2,2.807439671092588,1.2307756635727516,3.3819025890541563,0.0019430315185643128,0.01926616565536298,-1.3276257109758616,3.0988045552279875,NS,Bad_Myeloid,2.807439671092588,0.701859917773147,AC007620.2
Myeloid,AC004918.4,2.829014520142743,0.2084837621786449,3.986251131350298,4.043946325645605e-4,0.00788293598383229,0.10887250062503373,3.5371991372399485,NS,Bad_Myeloid,2.829014520142743,0.7072536300356858,AC004918.4
Myeloid,HOMER3,1.221865023971099,5.6745259564262724,5.644453092434246,6.4924147205483775e-6,9.470023303319553e-4,4.049429739365209,4.509684375085451,NS,Bad_Myeloid,1.4242372590318313,0.7121186295159156,HOMER3
MONO,HOMER3,1.6266094940925635,5.760775531998103,4.759083883477822,5.334593145641261e-5,0.0028037919839588015,1.617016840574201,4.040462338913528,NS,Bad_MONO,1.4242372590318313,0.7121186295159156,HOMER3
Myeloid,AVEN,2.8673649172876017,1.4655006919981248,5.035891915051145,2.2070852992276598e-5,0.0018197893650232244,2.5636608594217423,4.2428402704206505,NS,Bad_Myeloid,2.8673649172876017,0.7168412293219004,AVEN
NEUT,TNFAIP2,1.6416641409320256,7.572947713632417,4.992534846185917,8.013513175963268e-5,0.003364152052312184,2.0923758888412225,3.943995591105118,NS,Bad_NEUT,0.9582470511274132,0.7186852883455599,TNFAIP2
Myeloid,TNFAIP2,0.9153011840822405,5.298884298253341,3.0117130639011545,0.005096625711701527,0.034114485894450784,-2.350182448347199,2.8008623271981876,NS,Bad_Myeloid,0.9582470511274132,0.7186852883455599,TNFAIP2
MONO,TNFAIP2,0.31777582836797347,6.9489582745164205,0.9213518464437532,0.36565732840510656,0.5461980062126471,-5.782936261138291,0.9046377519866714,NS,Bad_MONO,0.9582470511274132,0.7186852883455599,TNFAIP2
Myeloid,PCDHGA12,2.88572528239726,-0.12654006687172772,4.23819722341876,3.23872815014438e-4,0.007004661607393554,0.6940316997565521,3.595416648255333,NS,Bad_Myeloid,2.88572528239726,0.721431320599315,PCDHGA12
Myeloid,AF305872.2,2.948137670276013,0.19665866286256461,3.9859638725245956,3.791330898275113e-4,0.00764567752472247,0.003685883519196409,3.554198397161559,NS,Bad_Myeloid,2.948137670276013,0.7370344175690032,AF305872.2
Myeloid,POMK,2.9961120861911628,-4.6649073364535276e-4,4.34065348635631,1.4365969917937117e-4,0.004604199531609396,1.0049763371847895,3.801780974672556,NS,Bad_Myeloid,2.9961120861911628,0.7490280215477907,POMK
MONO,RNASE1,2.124817991176985,7.587345875439576,3.214856821483778,0.0034139155934395497,0.026742136975641057,-2.0640435519161686,2.927779957857556,NS,Bad_MONO,1.5234653306882215,0.7617326653441108,RNASE1
Myeloid,RNASE1,0.922112670199458,7.7499213600063,1.3957450242846323,0.17314311916172878,0.3362957478519918,-5.327641522771501,1.3621735559956862,NS,Bad_Myeloid,1.5234653306882215,0.7617326653441108,RNASE1
MONO,MRC1,2.559645984776777,6.046301349245379,4.451890151171651,1.147726705246863e-4,0.0040356848893728075,1.0007794687141924,3.8570308737282524,NS,Bad_MONO,1.5841904532537683,0.7920952266268841,MRC1
Myeloid,MRC1,0.6087349217307594,6.4680868905574265,1.1387614110072695,0.2634687531349494,0.4430335826017326,-5.601222917677262,1.1182300502530267,NS,Bad_Myeloid,1.5841904532537683,0.7920952266268841,MRC1
T Cells,ACBD3,1.65579058287892,5.744633215062077,6.036090705267659,1.6166029851110785e-6,5.099689588174691e-4,5.306917166492544,4.796253965939224,NS,Bad_T Cells,1.1284728455483188,0.8463546341612391,ACBD3
Myeloid,ACBD3,0.8773150374971648,5.674606785476547,5.080644339373727,1.6500784328103693e-5,0.0015773606906198518,2.983847045567259,4.30763706706682,NS,Bad_Myeloid,1.1284728455483188,0.8463546341612391,ACBD3
MONO,ACBD3,0.8523129162688718,5.915059474355745,3.547798499746756,0.001391315671331725,0.015919721907209708,-1.1317071072525575,3.1964466212517504,NS,Bad_MONO,1.1284728455483188,0.8463546341612391,ACBD3
Myeloid,UBE2M,1.6130455783680393,5.276764886242764,5.029004906076886,2.2842378010766636e-5,0.0018342675124194399,2.6326580298974793,4.235125810910822,NS,Bad_Myeloid,1.7197680166812135,0.8598840083406067,UBE2M
T Cells,UBE2M,1.8264904549943877,5.796952036541397,3.442838489802073,0.001710367506903776,0.017993489893972932,-1.3445297215537995,3.13639829050608,NS,Bad_T Cells,1.7197680166812135,0.8598840083406067,UBE2M
T Cells,TRAPPC10,1.8463635462624444,5.9985423852832405,4.573612487048455,6.63598661465917e-5,0.0031321105380556547,1.61318355226343,3.9889733838479526,NS,Bad_T Cells,1.7285695463184485,0.8642847731592243,TRAPPC10
Myeloid,TRAPPC10,1.6107755463744526,4.297780175470925,4.176688824863665,5.524961108157574e-4,0.009528343584960759,0.5570445039415208,3.453922506206443,NS,Bad_Myeloid,1.7285695463184485,0.8642847731592243,TRAPPC10
T Cells,UBE2Q1,2.1059234362368455,5.871802030974093,7.79666378545209,7.035899286728742e-9,7.768336402477204e-5,9.724916499003601,5.7900654721525795,NS,Bad_T Cells,1.1601220986476628,0.8700915739857471,UBE2Q1
Myeloid,UBE2Q1,1.233403156102713,5.246741227371171,6.253273595828981,7.771297001171082e-7,3.787433051740415e-4,5.372390018321898,4.941024930132159,NS,Bad_Myeloid,1.1601220986476628,0.8700915739857471,UBE2Q1
MONO,UBE2Q1,0.14103970360342988,5.692686812202642,0.6740602225862624,0.5057631917509271,0.6657211607382287,-6.107644266126422,0.6654492523847291,NS,Bad_MONO,1.1601220986476628,0.8700915739857471,UBE2Q1
Myeloid,AC092835.1,3.4938392156347176,-0.4095126545196313,5.613611736156237,3.5466969677509595e-6,6.930810835564309e-4,4.375739700973763,4.6363182894396004,NS,Bad_Myeloid,3.4938392156347176,0.8734598039086794,AC092835.1
Myeloid,SAP30,1.5878616792809481,5.080659586727058,4.141834976590482,2.5064286364695915e-4,0.0061496619056135016,0.38181601303937907,3.6616021722793723,NS,Bad_Myeloid,1.1701839497236541,0.8776379622927406,SAP30
NEUT,SAP30,1.163722902022136,6.23266822793938,1.9722800066083888,0.06096281143134281,0.1692479124955907,-4.492126093369561,1.8737650799463421,NS,Bad_NEUT,1.1701839497236541,0.8776379622927406,SAP30
MONO,SAP30,0.7589672678678783,6.12045435012504,1.3249123772040967,0.19752713174098227,0.36666056851919726,-5.321527832469769,1.2886288986786962,NS,Bad_MONO,1.1701839497236541,0.8776379622927406,SAP30
NEUT,NIPBL,1.501147493551235,6.9075061076561,7.021036887863451,2.1960945158821447e-7,2.0003492454258626e-4,6.54064641355002,5.181923363372999,NS,Bad_NEUT,0.882904784656704,0.882904784656704,NIPBL
T Cells,NIPBL,0.7326914222832723,6.773536477603795,2.958832428207505,0.005699769105556687,0.03661981419520011,-2.5298509904902056,2.764571060359573,NS,Bad_T Cells,0.882904784656704,0.882904784656704,NIPBL
MONO,NIPBL,0.7401330203596306,6.628251514476057,3.4487262518942607,0.00590094252073952,0.03732419670640366,-1.474003748408939,2.7532355344833666,NS,Bad_MONO,0.882904784656704,0.882904784656704,NIPBL
Myeloid,NIPBL,0.557647202432678,6.562330021753724,2.286345591912872,0.030076168675323152,0.10563734001725558,-3.863183242259148,2.1690858247765212,NS,Bad_Myeloid,0.882904784656704,0.882904784656704,NIPBL
MONO,BHLHE41,2.386977868904056,6.88341537732613,3.7872945529284276,7.451125495609091e-4,0.011109774017153271,-0.6627460637603342,3.372418056319496,NS,Bad_MONO,1.2012819596703297,0.9009614697527473,BHLHE41
Myeloid,BHLHE41,0.811869683846723,10.059068683500177,3.1466889699353864,0.004031009393292216,0.02941886959125015,-2.006863310554013,2.8757248414128314,NS,Bad_Myeloid,1.2012819596703297,0.9009614697527473,BHLHE41
T Cells,BHLHE41,0.40499832626020993,6.551485895962071,1.0861112888343714,0.28535452716049287,0.46566612371140975,-5.805153156317774,1.068368041288605,NS,Bad_T Cells,1.2012819596703297,0.9009614697527473,BHLHE41
NEUT,IGSF6,1.566290307663449,8.34818758246609,4.6557297663358925,8.262774856650435e-5,0.0034148875328928255,1.2195376457314424,3.936647769035677,NS,Bad_NEUT,1.2219998200831277,0.9164998650623457,IGSF6
Myeloid,IGSF6,1.3679871903665557,8.052516926942854,3.1159634757246137,0.003996992032901243,0.029261114783996078,-2.0793813229996907,2.8783990342623005,NS,Bad_Myeloid,1.2219998200831277,0.9164998650623457,IGSF6
MONO,IGSF6,0.7317219622193782,8.012924792021474,2.5752080363094083,0.015320494853330044,0.06877559816044604,-3.4176097632486746,2.424712957485115,NS,Bad_MONO,1.2219998200831277,0.9164998650623457,IGSF6
NEUT,ZNF217,1.567549609325897,6.3167587380222,6.0755533872901655,5.916683534900213e-6,9.399439267458021e-4,4.731454340032188,4.5293449468188784,NS,Bad_NEUT,0.9460040157713678,0.9460040157713678,ZNF217
T Cells,ZNF217,1.0598674278594746,5.829453404584421,3.4740575459313865,0.001550213464187187,0.017005371940477628,-1.282982422530691,3.165115602176441,NS,Bad_T Cells,0.9460040157713678,0.9460040157713678,ZNF217
Myeloid,ZNF217,0.8082819864059871,5.609162029153535,3.272716948276928,0.002593395869940038,0.022734167368009494,-1.7286813930500093,3.0122258289817507,NS,Bad_Myeloid,0.9460040157713678,0.9460040157713678,ZNF217
MONO,ZNF217,0.34831703949411263,5.963060863755309,1.4485206310108387,0.15966014526731837,0.31891590482070775,-5.463831516747009,1.406215491967143,NS,Bad_MONO,0.9460040157713678,0.9460040157713678,ZNF217
T Cells,UBE2S,1.7012171446897852,7.082822117261831,6.504510008113396,2.814350575737823e-6,6.368002940227818e-4,6.371243202329054,4.68392351769628,NS,Bad_T Cells,0.9770496661375738,0.9770496661375738,UBE2S
MONO,UBE2S,1.0561460170426074,6.214261301458996,3.578830879427736,0.003427347566136894,0.02680931241779486,-1.1070128661095957,2.9265587581825425,NS,Bad_MONO,0.9770496661375738,0.9770496661375738,UBE2S
Myeloid,UBE2S,0.6045404315037501,6.1427390832468856,2.3699912971081765,0.024132572662611353,0.09146849803223205,-3.6814800010669506,2.2550120463503593,NS,Bad_Myeloid,0.9770496661375738,0.9770496661375738,UBE2S
NEUT,UBE2S,0.5462950713141526,6.319485542099034,2.192994743592987,0.03783860841895864,0.1231288168445984,-4.10093790172021,2.076598749522407,NS,Bad_NEUT,0.9770496661375738,0.9770496661375738,UBE2S
Myeloid,AC008735.2,3.937636190929532,0.2276123700651934,4.8837598178085635,2.9098270123688115e-5,0.0021236498144999545,2.440324086485303,4.180410986732349,NS,Bad_Myeloid,3.937636190929532,0.984409047732383,AC008735.2
MONO,MAF,2.4251312794798245,7.058365772981124,6.246598049790664,5.444682041455159e-6,9.177822048810139e-4,5.596044762073696,4.546880774251594,NS,Bad_MONO,1.3181151575463932,0.9885863681597948,MAF
T Cells,MAF,0.8849402437743894,7.277070485159711,3.663260724192773,0.0013777775414481293,0.015837628146932636,-0.8333128146923157,3.1992664789282883,NS,Bad_T Cells,1.3181151575463932,0.9885863681597948,MAF
Myeloid,MAF,0.6442739493849654,8.642471172484576,1.6348734900432664,0.11206441253584108,0.2525108528180044,-5.000956436389423,1.5889821950503422,NS,Bad_Myeloid,1.3181151575463932,0.9885863681597948,MAF
MONO,FRAT2,1.1257571785435356,5.741723482900321,6.8991950089629714,8.747354661659322e-7,3.787433051740415e-4,7.33854688157945,4.917909022649275,NS,Bad_MONO,1.3477816865595071,1.0108362649196303,FRAT2
NEUT,FRAT2,1.5478641492225584,6.055509492277254,5.4362757315335895,1.2415861509245438e-5,0.0013505766199367378,3.1534307319056696,4.3701545754713775,NS,Bad_NEUT,1.3477816865595071,1.0108362649196303,FRAT2
Myeloid,FRAT2,1.3697237319124271,5.026879704755492,4.119502082774024,6.573105692817535e-4,0.010427249993448047,0.30516286148903227,3.4067925868593396,NS,Bad_Myeloid,1.3477816865595071,1.0108362649196303,FRAT2
MONO,RESF1,0.8889384035523964,6.776165193238572,5.823848220824432,3.19930893841651e-6,6.576025358642737e-4,4.396101500892271,4.657591080426903,NS,Bad_MONO,1.0219194134312743,1.0219194134312743,RESF1
T Cells,RESF1,1.5184188457252006,7.9123267130920505,4.9056612184671975,2.5780366710668376e-5,0.001992321247651744,2.5191563888127337,4.2078572197506565,NS,Bad_T Cells,1.0219194134312743,1.0219194134312743,RESF1
NEUT,RESF1,0.9101118586689747,7.066579058172926,3.557266151291377,0.0015012079523643754,0.01668875908736633,-1.3163832124688266,3.174449917016827,NS,Bad_NEUT,1.0219194134312743,1.0219194134312743,RESF1
Myeloid,RESF1,0.7702085457785257,6.265422918331446,3.0189374958388457,0.005021898623065714,0.03383996502732289,-2.2563004694566744,2.8056257228230415,NS,Bad_Myeloid,1.0219194134312743,1.0219194134312743,RESF1
T Cells,NPTN,1.8928411741131788,5.119119834584672,4.768203728767317,3.734505802924282e-5,0.002390103544233432,2.0544641818527323,4.123319835366337,NS,Bad_T Cells,1.0272539445011537,1.0272539445011537,NPTN
Myeloid,NPTN,1.1134012717454764,6.013283849589671,4.421559236978441,1.093488597996224e-4,0.003919872600803997,1.2135878753662848,3.8688522860249734,NS,Bad_Myeloid,1.0272539445011537,1.0272539445011537,NPTN
NEUT,NPTN,0.7653537522014355,6.409559537962735,3.712326931651735,0.0010020950793109642,0.01324252755316859,-0.9488851264442468,3.289937866517826,NS,Bad_NEUT,1.0272539445011537,1.0272539445011537,NPTN
MONO,NPTN,0.3374195799445241,6.2980148128402895,1.6583755068994999,0.108903001714811,0.2475598192162298,-5.1572478623294975,1.6031433836734388,NS,Bad_MONO,1.0272539445011537,1.0272539445011537,NPTN
NEUT,GRASP,1.6157535278458406,5.937212208049071,4.360144829022651,2.2384022158258268e-4,0.005760885516301388,0.5027867853516623,3.6904698479063986,NS,Bad_NEUT,1.4099177941511443,1.0574383456133583,GRASP
MONO,GRASP,0.9229419587821104,5.744163477816561,4.011318926143348,3.9525656764564335e-4,0.007819024780203014,-0.17452331636133422,3.543230833712502,NS,Bad_MONO,1.4099177941511443,1.0574383456133583,GRASP
Myeloid,GRASP,1.6910578958254816,4.7951240401601325,3.6224230032834397,0.001403144417086654,0.01596344453876937,-0.8692167089926173,3.194003447423983,NS,Bad_Myeloid,1.4099177941511443,1.0574383456133583,GRASP
NEUT,CDKN1C,2.2729463101916636,8.071268117768074,4.017977207923058,5.406518265699406e-4,0.009388212554893596,-0.2469512081136349,3.4597625957713385,NS,Bad_NEUT,1.438037809744153,1.0785283573081148,CDKN1C
Myeloid,CDKN1C,1.8395693575136525,4.35273305120322,3.0306899778319183,0.006073870695597705,0.03804913835466341,-2.294722229534159,2.7437665944428327,NS,Bad_Myeloid,1.438037809744153,1.0785283573081148,CDKN1C
MONO,CDKN1C,0.20159776152714315,6.528752832638454,0.5771159265977115,0.5685453717360937,0.716046640009825,-6.261900878615783,0.5701951109233377,NS,Bad_MONO,1.438037809744153,1.0785283573081148,CDKN1C
NEUT,RRAS,3.0150626079376828,6.852566822675822,7.547268088743028,4.891434266988777e-8,1.2106713825848712e-4,8.18760750077673,5.455212394911882,NS,Bad_NEUT,2.186260151640888,1.093130075820444,RRAS
Myeloid,RRAS,1.3574576953440936,3.99771048012444,5.075858811627744,1.868184017707127e-5,0.0016582027782962002,2.9030969028835774,4.280089224093583,NS,Bad_Myeloid,2.186260151640888,1.093130075820444,RRAS
T Cells,CDV3,1.502604159270545,7.294533667970636,5.692436974322533,5.6154650187803035e-6,9.333413427067862e-4,4.731879787883486,4.540373545776674,NS,Bad_T Cells,1.1068187665938858,1.1068187665938858,CDV3
Myeloid,CDV3,1.0700016158609955,7.427030025843463,4.36539536680517,1.373475265914999e-4,0.004486218179752912,1.0383532089707357,3.8128967026072953,NS,Bad_Myeloid,1.1068187665938858,1.1068187665938858,CDV3
NEUT,CDV3,0.985860431924614,7.8531345470033305,3.854067745502368,7.017027547105349e-4,0.010842464223142627,-0.6579568801907634,3.3889129790929604,NS,Bad_NEUT,1.1068187665938858,1.1068187665938858,CDV3
MONO,CDV3,0.8688088593193886,7.620207073715409,3.0369990243172893,0.005659683985442435,0.036457742639013954,-2.3461200193592178,2.766872761893358,NS,Bad_MONO,1.1068187665938858,1.1068187665938858,CDV3
T Cells,VPS13C,1.5033017972976408,6.9325464768365634,4.436239910427753,9.833154626224104e-5,0.0037501851546853314,1.1622262402166035,3.894672371983685,NS,Bad_T Cells,1.1284261210670492,1.1284261210670492,VPS13C
MONO,VPS13C,0.9810605102172634,6.87256964070474,3.8255628589155055,8.169093211113702e-4,0.011689942900337523,-0.5583114624933776,3.347000944261957,NS,Bad_MONO,1.1284261210670492,1.1284261210670492,VPS13C
Myeloid,VPS13C,1.066803010752018,7.097848406466493,3.284170225973464,0.002516429504233405,0.022370288370564432,-1.6862204538118926,3.021358830710716,NS,Bad_Myeloid,1.1284261210670492,1.1284261210670492,VPS13C
NEUT,VPS13C,0.9625391660012745,7.099726589506851,3.2044395945351694,0.0035760923944826483,0.027523175346287693,-2.099306450660837,2.9133188620080324,NS,Bad_NEUT,1.1284261210670492,1.1284261210670492,VPS13C
NEUT,FAM89B,1.5562925492000046,6.704432279250072,7.653472470615304,5.482616531948516e-8,1.2106713825848712e-4,8.349445069718882,5.434903273885282,NS,Bad_NEUT,1.1396311424225058,1.1396311424225058,FAM89B
Myeloid,FAM89B,1.229077035995565,5.143591951816883,5.889211632752089,2.6499108107653145e-6,6.311019474235953e-4,4.633272456206675,4.696242377360242,NS,Bad_Myeloid,1.1396311424225058,1.1396311424225058,FAM89B
T Cells,FAM89B,1.1690358187532066,6.624522114395616,4.096673134822253,2.986774294722665e-4,0.006716288184935427,0.23168644277558137,3.6164444046923703,NS,Bad_T Cells,1.1396311424225058,1.1396311424225058,FAM89B
MONO,FAM89B,0.6041191657412472,6.145926997289898,2.9890369511284294,0.005746076580496553,0.03682091208662939,-2.537620681224686,2.761930174202998,NS,Bad_MONO,1.1396311424225058,1.1396311424225058,FAM89B
MONO,MXD4,1.818141093822721,5.7821946217135665,7.905041605621614,1.1938847303730652e-8,8.211798171544345e-5,9.797082224615089,5.700597145391157,NS,Bad_MONO,1.539225372977403,1.1544190297330523,MXD4
T Cells,MXD4,1.4735630408428637,6.547258478088067,6.149832132690237,7.411710725907987e-7,3.787433051740415e-4,5.670084580618866,4.950252896842844,NS,Bad_T Cells,1.539225372977403,1.1544190297330523,MXD4
Myeloid,MXD4,1.3259719842666247,6.688902812492909,3.1710985374953826,0.0036741919487084454,0.027986721839041013,-1.9241217307882943,2.9048584736501555,NS,Bad_Myeloid,1.539225372977403,1.1544190297330523,MXD4
T Cells,DNAJC21,1.7235879352642547,6.353128036141803,5.564971955692424,3.946568978806631e-6,7.512770361207588e-4,4.293641246775511,4.614176525856384,NS,Bad_T Cells,1.2261900872802263,1.2261900872802263,DNAJC21
Myeloid,DNAJC21,1.1162637447282853,5.752803541309793,4.879707739512174,3.6165853457981706e-5,0.002369775596614694,2.260078593941957,4.130701118846275,NS,Bad_Myeloid,1.2261900872802263,1.2261900872802263,DNAJC21
NEUT,DNAJC21,1.1117142301853589,5.975211361354958,4.38107351641968,1.8102855378538906e-4,0.005164693184352663,0.6260808042422594,3.744118017568816,NS,Bad_NEUT,1.2261900872802263,1.2261900872802263,DNAJC21
MONO,DNAJC21,0.9531944389430063,6.024842664883263,4.130700045248847,0.0012422933526723598,0.01501042520376322,0.20015904738542556,3.2289874755065937,NS,Bad_MONO,1.2261900872802263,1.2261900872802263,DNAJC21
MONO,TAF10,1.0418480354366935,6.903379486117774,4.585170173216322,7.917205440583186e-5,0.003338898782361282,1.3201043094990101,3.9468925860195383,NS,Bad_MONO,1.22641205845639,1.22641205845639,TAF10
NEUT,TAF10,1.5090415337803726,7.49223607664387,4.705907042643171,8.443969027059792e-5,0.0034465753060172705,1.3694680474671896,3.9314368142162315,NS,Bad_NEUT,1.22641205845639,1.22641205845639,TAF10
Myeloid,TAF10,1.2370330679273387,6.387034990411936,4.15377868797451,3.8521588674451875e-4,0.00768455359475411,0.46038887730256484,3.5500104315640324,NS,Bad_Myeloid,1.22641205845639,1.22641205845639,TAF10
T Cells,TAF10,1.1177255966811552,6.831325641955422,3.660664510744483,8.779394447675082e-4,0.012208223437881685,-0.803293869987276,3.3269759684015665,NS,Bad_T Cells,1.22641205845639,1.22641205845639,TAF10
NEUT,GOLGB1,1.7368592577263717,6.503878687731973,6.012661660448092,3.2912698726532277e-6,6.637731489427814e-4,4.769702619629559,4.65175185284269,NS,Bad_NEUT,1.2619555480015614,1.2619555480015614,GOLGB1
MONO,GOLGB1,1.237323591567283,6.350656659139184,4.653119794408981,8.704528313695483e-5,0.0034884463561347303,1.486014773451,3.9241256906692032,NS,Bad_MONO,1.2619555480015614,1.2619555480015614,GOLGB1
T Cells,GOLGB1,1.1247553408489717,6.8863511739333205,4.108209108724745,4.183191739283304e-4,0.008060492145449731,0.2883383010643845,3.5282485470384573,NS,Bad_T Cells,1.2619555480015614,1.2619555480015614,GOLGB1
Myeloid,GOLGB1,0.9488840018636191,6.898805842424551,2.667530218967801,0.012979748028183698,0.06179792927088236,-3.0890554586398484,2.4843244707628944,NS,Bad_Myeloid,1.2619555480015614,1.2619555480015614,GOLGB1
NEUT,TLN1,1.6276843559175518,8.345082320580003,6.376582454063353,1.3150371859136093e-6,4.53728924052255e-4,5.262025933371474,4.837467741748406,NS,Bad_NEUT,1.2700715761573589,1.2700715761573589,TLN1
MONO,TLN1,1.0524708143705084,8.050984012870067,4.945953085881568,1.088048512596781e-4,0.003906779791506115,2.2483340465806325,3.870068334229611,NS,Bad_MONO,1.2700715761573589,1.2700715761573589,TLN1
T Cells,TLN1,1.3752685551528554,8.100326724643804,4.185838189159681,2.0494318787821157e-4,0.005519475957341786,0.551263099912382,3.7128440403838354,NS,Bad_T Cells,1.2700715761573589,1.2700715761573589,TLN1
Myeloid,TLN1,1.02486257918852,8.009648876902505,3.953714304811423,4.5915918087602287e-4,0.00848464688879024,-0.0545298119855504,3.5035159360459267,NS,Bad_Myeloid,1.2700715761573589,1.2700715761573589,TLN1
NEUT,YPEL3,1.7524881504570349,6.509079302012947,7.940564872900866,1.9050800315856477e-8,8.211798171544345e-5,9.043545925856618,5.620407107382845,NS,Bad_NEUT,1.2886956820487445,1.2886956820487445,YPEL3
MONO,YPEL3,1.0092491426721333,6.395913249956338,4.06728410071728,3.896732519666368e-4,0.007745062781212668,0.033183916033674876,3.5469806221253117,NS,Bad_MONO,1.2886956820487445,1.2886956820487445,YPEL3
T Cells,YPEL3,0.7826510790649284,7.556400597606448,3.593688203061281,0.0010907636137156241,0.013939301080778012,-1.0034360882860236,3.2660049015546817,NS,Bad_T Cells,1.2886956820487445,1.2886956820487445,YPEL3
Myeloid,YPEL3,1.6103943560008815,5.658807607232751,2.6856193902746455,0.011465643097882802,0.05690239461210931,-3.068736553546112,2.5281773104675724,NS,Bad_Myeloid,1.2886956820487445,1.2886956820487445,YPEL3
NEUT,GNAS,1.5594365381544204,8.884950154045235,5.857664371663664,3.815407603322895e-6,7.326246147528363e-4,4.157270450843565,4.621192379577908,NS,Bad_NEUT,1.2963075427653368,1.2963075427653368,GNAS
MONO,GNAS,1.444770205141639,8.892773341566818,5.744740186391371,6.855281643380033e-5,0.0031471586122477735,4.233189628948209,3.9812534074339574,NS,Bad_MONO,1.2963075427653368,1.2963075427653368,GNAS
T Cells,GNAS,1.041501104316854,8.944159628947647,4.594649474971734,8.226341143733325e-5,0.0034081438111804746,1.6686972798649977,3.9377085928047215,NS,Bad_T Cells,1.2963075427653368,1.2963075427653368,GNAS
Myeloid,GNAS,1.1395223234484337,9.481480096237034,4.206639380639825,2.0525814295615822e-4,0.005519475957341786,0.5907272450726078,3.712455518225379,NS,Bad_Myeloid,1.2963075427653368,1.2963075427653368,GNAS
MONO,VMO1,2.8868071903119947,7.276348593570897,9.39274308704588,4.918296101168387e-10,1.0860581450600032e-5,12.185528501106013,6.221689511558492,NS,Bad_MONO,1.7326955735996987,1.2995216801997742,VMO1
Myeloid,VMO1,1.2489448710443085,6.502297881308658,3.0904320855652947,0.004296905206755279,0.0305782342170706,-2.0994261946182533,2.855500523278005,NS,Bad_Myeloid,1.7326955735996987,1.2995216801997742,VMO1
NEUT,VMO1,1.0623346594427931,6.110937186541599,2.775115101581531,0.010085296491021021,0.052351555504166945,-2.9930947910401002,2.572890999792307,NS,Bad_NEUT,1.7326955735996987,1.2995216801997742,VMO1
NEUT,PPP1R14B,1.7013781260642729,6.323696901866755,7.550080964827873,1.1738350880256524e-7,1.3891103084456884e-4,7.584780966703523,5.297523956578383,NS,Bad_NEUT,1.3465415227776034,1.3465415227776034,PPP1R14B
Myeloid,PPP1R14B,1.6068090418264607,5.857279671486866,3.7400825618365707,7.389029013204019e-4,0.011077022312937621,-0.5787198233677628,3.374722007163386,NS,Bad_Myeloid,1.3465415227776034,1.3465415227776034,PPP1R14B
MONO,PPP1R14B,1.7451893509709917,6.343233549402502,3.4562549239916325,0.0034464940629177466,0.026892396430158897,-1.3903978870194464,2.924825518796341,NS,Bad_MONO,1.3465415227776034,1.3465415227776034,PPP1R14B
T Cells,PPP1R14B,0.33278957224868844,5.877021942691715,0.9188848870838323,0.3649249751679534,0.5455582629574567,-5.8804890143304425,0.9060205506827999,NS,Bad_T Cells,1.3465415227776034,1.3465415227776034,PPP1R14B
NEUT,METRNL,1.5585317575708642,7.958630824441425,6.264974180327131,1.2540024822777521e-6,4.466271421557633e-4,5.228532127009668,4.846908467638178,NS,Bad_NEUT,1.362977735528284,1.362977735528284,METRNL
T Cells,METRNL,1.8839152754006383,6.3029553857664755,4.5463910355224115,7.622703276400889e-5,0.003301973841279818,1.5313839544847454,3.955962769494083,NS,Bad_T Cells,1.362977735528284,1.362977735528284,METRNL
MONO,METRNL,1.0120005892314197,7.349563141593385,3.124601002769358,0.004960267007139077,0.03358865870948945,-2.271762190895668,2.8096028330775713,NS,Bad_MONO,1.362977735528284,1.362977735528284,METRNL
Myeloid,METRNL,0.9974633199102139,4.375707114407415,1.716015111946619,0.09653245123906024,0.22889121013284822,-4.8629930516912,1.6619018722805154,NS,Bad_Myeloid,1.362977735528284,1.362977735528284,METRNL
NEUT,H1FX,1.9280474803697345,6.988456760046842,6.75709374189649,1.0961871374865243e-6,4.291322363704891e-4,6.336283935624229,4.873535220907798,NS,Bad_NEUT,1.372756643474406,1.372756643474406,H1FX
MONO,H1FX,1.5848067518042557,7.057531265827275,6.731805681030802,9.433434966192907e-6,0.001190337776705553,7.126986208968637,4.429768381079073,NS,Bad_MONO,1.372756643474406,1.372756643474406,H1FX
T Cells,H1FX,0.7066986666524304,7.690260277821596,2.7828237277185077,0.00887224707098974,0.04816051126391235,-2.9336747061422908,2.616937939263825,NS,Bad_T Cells,1.372756643474406,1.372756643474406,H1FX
Myeloid,H1FX,1.2714736750712037,6.304338247081099,2.624377894967076,0.013289392040357789,0.06266418002032473,-3.1934286609835163,2.4759184731233206,NS,Bad_Myeloid,1.372756643474406,1.372756643474406,H1FX
Myeloid,IQGAP2,1.598603470973821,2.808663944296862,4.730945304172598,5.04496983256112e-5,0.0026974097782715414,1.994858228957641,4.05353383951573,NS,Bad_Myeloid,1.3944952685252967,1.3944952685252967,IQGAP2
MONO,IQGAP2,1.0750763467929323,6.2030477737022816,4.661732884314075,6.327935173273185e-5,0.003098302982177793,1.4922753188237605,4.000235977088883,NS,Bad_MONO,1.3944952685252967,1.3944952685252967,IQGAP2
T Cells,IQGAP2,1.3774813661916472,7.584838970914979,4.455880575569849,9.370288130197365e-5,0.003644611566716715,1.2796409842697898,3.9063445372602352,NS,Bad_T Cells,1.3944952685252967,1.3944952685252967,IQGAP2
NEUT,IQGAP2,1.5268198901427867,6.629326829397522,3.9987549833309908,8.614871806857552e-4,0.012063005658784303,-0.2939331478106837,3.3322439046254857,NS,Bad_NEUT,1.3944952685252967,1.3944952685252967,IQGAP2
NEUT,KLF2,1.8653798612820474,10.303437970094715,4.290479707346793,2.2415648052527608e-4,0.005762308967356399,0.34629293725711907,3.690110705679127,NS,Bad_NEUT,1.431387683524826,1.431387683524826,KLF2
Myeloid,KLF2,1.711180781267327,9.449882638232513,2.916044526625882,0.006500543360197395,0.03959862027031141,-2.526904785716542,2.721403132546615,NS,Bad_Myeloid,1.431387683524826,1.431387683524826,KLF2
MONO,KLF2,0.9128273077188531,9.78902879982115,2.905566062156812,0.007413601217157134,0.043046842513085416,-2.7306578733837603,2.677670940388381,NS,Bad_MONO,1.431387683524826,1.431387683524826,KLF2
T Cells,KLF2,1.2361627838310767,10.415890596440605,2.04152248494795,0.05586760749188906,0.1598312893845846,-4.370442851390378,1.9120669486350397,NS,Bad_T Cells,1.431387683524826,1.431387683524826,KLF2
NEUT,MAP2K2,1.9555779673945972,6.596016977490308,7.445168038469309,1.1952312227365313e-7,1.3891103084456884e-4,7.337022699682933,5.294223591059638,NS,Bad_NEUT,1.5202518291525324,1.5202518291525324,MAP2K2
Myeloid,MAP2K2,1.4190529568445864,5.966346152305178,5.814108082844452,2.6617639349670964e-6,6.311019474235953e-4,4.239023426895011,4.6953302029020065,NS,Bad_Myeloid,1.5202518291525324,1.5202518291525324,MAP2K2
T Cells,MAP2K2,1.5452254590993881,7.020289051022752,4.374023415546066,3.879007620778862e-4,0.007723737266189254,0.9494955662339164,3.5481815403077857,NS,Bad_T Cells,1.5202518291525324,1.5202518291525324,MAP2K2
MONO,MAP2K2,1.161150933271558,6.511328343574608,3.9107551706080956,8.625821881166613e-4,0.012069850626773007,-0.35422466038183753,3.3318904029559535,NS,Bad_MONO,1.5202518291525324,1.5202518291525324,MAP2K2
MONO,BOD1L1,1.3492203323574454,6.788271242676713,5.81803038597022,3.17906021273153e-6,6.576025358642737e-4,4.39585482735402,4.658898418750956,NS,Bad_MONO,1.555076092016865,1.555076092016865,BOD1L1
T Cells,BOD1L1,1.8908202894410904,6.981735277303958,5.7395677349642105,1.5978114064158887e-5,0.0015678852562994736,4.729004554855395,4.314753429603658,NS,Bad_T Cells,1.555076092016865,1.555076092016865,BOD1L1
NEUT,BOD1L1,1.5069548507608648,7.080066632367297,4.8090028712894775,5.477829565552412e-5,0.0028433513001030557,1.754226135047812,4.034244336023437,NS,Bad_NEUT,1.555076092016865,1.555076092016865,BOD1L1
Myeloid,BOD1L1,1.473308895508059,7.151924934074016,4.01706603738704,3.4556793612713275e-4,0.007288281915529461,0.11841292914496471,3.5785029746523045,NS,Bad_Myeloid,1.555076092016865,1.555076092016865,BOD1L1
NEUT,MBD2,1.754028010069442,7.9335814781404475,7.437906560571292,9.941556248760924e-8,1.3891103084456884e-4,7.816285008463493,5.327788917991224,NS,Bad_NEUT,1.6251389076356015,1.6251389076356015,MBD2
Myeloid,MBD2,1.6370633153447232,5.234481069355939,6.178281949891913,8.553758692693725e-7,3.787433051740415e-4,5.179775610234755,4.922289416612536,NS,Bad_Myeloid,1.6251389076356015,1.6251389076356015,MBD2
T Cells,MBD2,2.0007621995834333,5.830051879370448,4.6482821267779935,5.345514107629089e-5,0.0028037919839588015,1.7076480744284215,4.039982714122805,NS,Bad_T Cells,1.6251389076356015,1.6251389076356015,MBD2
MONO,MBD2,1.1087021055448076,6.840889414848643,4.013684964893329,8.570671049009669e-4,0.01200872830610606,-0.11546339613918377,3.3336750878825265,NS,Bad_MONO,1.6251389076356015,1.6251389076356015,MBD2
Myeloid,CD81,2.0219041738715973,9.554023753858944,5.796573584614558,1.0029729623211627e-5,0.001244249941234602,4.388122683136811,4.416531487807804,NS,Bad_Myeloid,1.7300255015448218,1.7300255015448218,CD81
MONO,CD81,2.396156728060433,8.045018554893621,5.394915697621498,1.0517517048658417e-4,0.003857036987713715,3.2916865856830446,3.878331883244229,NS,Bad_MONO,1.7300255015448218,1.7300255015448218,CD81
T Cells,CD81,1.9044342716799587,8.114012337070344,4.873869441903873,1.3662331371753204e-4,0.004476136518561635,2.2754014644606615,3.814202672288449,NS,Bad_T Cells,1.7300255015448218,1.7300255015448218,CD81
NEUT,CD81,0.5976068325672985,7.012536444435003,2.0361561360877727,0.05393239732143479,0.1561472659829452,-4.446627696649844,1.9273791400962106,NS,Bad_NEUT,1.7300255015448218,1.7300255015448218,CD81
MONO,PLCG2,2.4932516609197357,6.663441024737116,5.212131664063022,1.5730718030361307e-5,0.0015576937916880645,2.802241717681933,4.318199543286447,NS,Bad_MONO,1.7787740839187807,1.7787740839187807,PLCG2
NEUT,PLCG2,2.4384719032720543,6.37803026089252,3.6564533894412046,0.0011742727908518298,0.014558305580079003,-1.1070085178026625,3.245056604583032,NS,Bad_NEUT,1.7787740839187807,1.7787740839187807,PLCG2
Myeloid,PLCG2,1.2023519715328792,7.631497612457385,2.1772723100308378,0.037283931143566984,0.12200707876589302,-4.076037967967583,2.082641306145596,NS,Bad_Myeloid,1.7787740839187807,1.7787740839187807,PLCG2
T Cells,PLCG2,0.9810207999504534,7.132730879595052,1.726999350394573,0.10353739634333563,0.23942955137224184,-4.952340111348803,1.6279410016511817,NS,Bad_T Cells,1.7787740839187807,1.7787740839187807,PLCG2
T Cells,JUND,2.7808332997928726,9.590938397023464,6.3251298539437935,3.9525200387300955e-7,3.009639568801309e-4,6.064697198036718,5.071230350689466,NS,Bad_T Cells,2.290103968206935,2.290103968206935,JUND
NEUT,JUND,2.2427936954764824,10.159307473184597,6.409206323531715,1.5036577201458356e-6,4.9557865337702e-4,5.317428600778258,4.810748970265454,NS,Bad_NEUT,2.290103968206935,2.290103968206935,JUND
MONO,JUND,1.7588611584570408,9.796699979469185,6.053383353535671,1.7750017379330716e-6,5.401938200188318e-4,4.9385207642093025,4.777486261287171,NS,Bad_MONO,2.290103968206935,2.290103968206935,JUND
Myeloid,JUND,2.3779277191013435,9.442945354273778,5.068241467375579,1.8771237401831416e-5,0.0016582027782962002,2.7202854088457293,4.279026667669974,NS,Bad_Myeloid,2.290103968206935,2.290103968206935,JUND
NEUT,MTRNR2L12,4.702866392163103,6.862020007522107,5.974527652163755,2.5291987882715856e-6,6.311019474235953e-4,4.786063413154123,4.705761653746492,NS,Bad_NEUT,3.4152983052276356,3.4152983052276356,MTRNR2L12
MONO,MTRNR2L12,3.4065073201738083,6.455946588378805,4.30461026942177,2.198702468354643e-4,0.005718698222168107,0.5802807777662045,3.695019113494202,NS,Bad_MONO,3.4152983052276356,3.4152983052276356,MTRNR2L12
T Cells,MTRNR2L12,3.2869058939183287,7.001275424776328,3.909809829663723,4.379333232670638e-4,0.008307941275243386,-0.1647598754289703,3.5161016246853647,NS,Bad_T Cells,3.4152983052276356,3.4152983052276356,MTRNR2L12
Myeloid,MTRNR2L12,2.2649136146553017,6.293029830650765,2.0584714630783765,0.048147689476225226,0.1449206001297551,-4.296281393190488,1.9760625837590833,NS,Bad_Myeloid,3.4152983052276356,3.4152983052276356,MTRNR2L12
